atleta_id,apelido,rodada_id,clube_id,posicao_id,status_id,pontos_num,preco_num,variacao_num,media_num,jogos_num,minimo_para_valorizar,FT,SG,A,I,DE,GS,PS,CV,PC,DP,GC,V,gt_med_media_pontos_mandante,gt_med_media_pontos_visitante,gt_med_media_minutos_jogados,gt_med_minutos_jogados,gt_med_FS,gt_med_G,gt_med_DS,gt_med_FC,gt_med_PP,gt_med_FD,gt_man_FS,gt_man_G,gt_man_DS,gt_man_FC,gt_man_CA,gt_man_FF,gt_man_FD,gt_vis_FS,gt_vis_G,gt_vis_DS,gt_vis_FC,gt_vis_PP,gt_vis_FD
105631,Bruno Lage,14,263,6,7,0,13.33,0.0,0.0,0,,,,,,,,,,,,,,,,,,0,0,0,0,0,0,0,0,0,0,0,0,0,0,0,0,0,0,0
114802,Vitor Roque,14,293,5,7,0,13.41,0.0,8.17,13,8.94,1.0,,2.0,3.0,,,,,,,,,9.342857142857143,6.8,75.0,105.0,27,7,13,18,0,8,0,0,0,0,3,9,0,0,0,0,0,0,0
82628,Tinga,14,356,2,6,0,9.35,0.0,5.72,12,0.18,,5.0,,3.0,,,,,,,,,7.733333333333334,3.7166666666666663,96.0,72.0,4,1,27,8,0,2,0,0,0,0,0,2,0,0,0,0,0,0,0
71684,Gustavo Gómez,14,275,3,7,0,7.94,-0.16,2.61,13,-0.28,,2.0,1.0,2.0,,,,,,,,,2.2571428571428567,3.016666666666667,97.0,104.0,8,0,15,13,0,2,0,0,0,0,3,2,0,0,0,0,0,0,0
84263,Jemerson,14,282,3,7,0,7.53,-0.03,2.71,13,1.18,,4.0,1.0,1.0,,,,,,,,,2.442857142857143,2.983333333333334,93.0,98.0,4,0,11,17,0,1,0,0,0,0,2,1,0,0,0,0,0,0,0
61188,Gilberto,14,283,5,2,0,8.43,-0.45,4.04,13,0.24,,,1.0,4.0,,,,,,,,,1.9714285714285713,6.466666666666668,67.0,16.0,8,3,5,12,0,5,0,0,0,0,2,17,0,0,0,0,0,0,0
70800,Jorge Sampaoli,14,262,6,7,0,11.48,-0.83,6.09,13,1.83,,,,,,,,,,,,7.0,,,,,0,0,0,0,0,0,0,0,0,0,0,0,0,0,0,0,0,0,0
72294,Everson,14,282,1,7,0,5.38,-0.18,3.0,14,-0.08,,4.0,,,36.0,14.0,,,,,,,1.5714285714285714,4.428571428571429,101.0,98.0,4,0,0,0,0,0,0,0,0,0,2,0,0,0,0,0,0,0,0
93478,Wanderson,14,285,5,7,0,11.24,0.11,4.45,12,1.47,,,2.0,,,,,,,,,,6.24,3.185714285714286,75.0,77.0,14,3,8,5,0,1,0,0,0,0,0,4,0,0,0,0,0,0,0
84042,Tiquinho Soares,14,263,5,7,0,18.69,-2.02,9.48,13,-1.12,,,4.0,9.0,,,,,,,,,10.799999999999999,8.342857142857143,90.0,88.0,25,10,8,18,1,5,0,0,0,0,5,13,0,0,0,0,0,0,0
104502,Christian,14,293,4,7,0,8.91,-0.34,4.35,12,-0.32,1.0,,,,,,,,,,,,3.614285714285714,5.380000000000001,72.0,54.0,12,3,14,16,0,2,0,0,0,0,0,6,0,0,0,0,0,0,0
94509,Raphael Veiga,14,275,4,7,0,17.32,-0.21,7.57,9,2.17,1.0,,2.0,,,,,,,,,,10.520000000000001,3.8750000000000004,84.0,96.0,18,4,9,15,1,7,0,0,0,0,3,8,0,0,0,0,0,0,0
87228,Guilherme Arana,14,282,2,7,0,8.55,-0.15,0.58,5,-0.19,,,,,,,,,,,,,-0.09999999999999999,1.6,77.0,48.0,2,0,2,1,0,0,0,0,0,0,1,1,0,0,0,0,0,0,0
63013,Marcos Rocha,14,275,2,7,0,5.12,0.0,3.3,2,3.71,,,,,,,,,,,,,,,95.0,84.0,3,0,5,3,0,0,0,0,0,0,0,0,0,0,0,0,0,0,0
88393,Ayrton Lucas,14,262,2,3,0,14.42,-1.64,5.94,14,-1.45,,5.0,1.0,,,,1.0,,,,,,8.114285714285714,3.757142857142857,83.0,104.0,18,3,18,21,0,3,0,0,0,0,3,4,0,0,0,0,0,0,0
80196,Yago Pikachu,14,356,4,6,0,8.83,2.1,2.69,14,7.01,,,,2.0,,,,,,,,,3.014285714285714,2.3571428571428568,48.0,24.0,13,3,6,5,1,3,0,0,0,0,2,5,0,0,0,0,0,0,0
87225,Pedro Henrique,14,293,3,5,0,8.95,-0.31,3.65,11,-0.08,,4.0,,2.0,,,,,,,,,4.4714285714285715,2.25,87.0,54.0,5,1,10,14,0,1,0,0,0,0,3,5,0,0,0,0,0,0,0
95799,Artur,14,275,5,7,0,11.48,-0.38,6.33,13,1.9,3.0,,1.0,3.0,,,,,,,,,6.285714285714286,6.383333333333333,85.0,79.0,20,4,12,8,0,7,0,0,0,0,1,9,0,0,0,0,0,0,0
117579,Galoppo,14,276,4,5,0,5.0,0.0,0.0,0,6.8,,,,,,,,,,,,,,,0.0,0.0,0,0,0,0,0,0,0,0,0,0,0,0,0,0,0,0,0,0,0
98225,Pedro Raul,14,267,5,6,0,5.81,-0.11,2.7,12,-0.07,1.0,,,8.0,,,,,,,,,3.7000000000000006,1.7000000000000002,79.0,30.0,10,2,2,14,0,7,0,0,0,0,3,7,0,0,0,0,0,0,0
96340,Lima,14,266,4,7,0,11.61,-0.42,5.64,14,0.89,1.0,,1.0,3.0,,,,,,,,,6.042857142857143,5.214285714285714,94.0,100.0,38,3,18,15,0,6,0,0,0,0,1,6,0,0,0,0,0,0,0
102253,Lucas Halter,14,290,3,7,0,4.32,-0.67,2.15,11,-0.99,,1.0,,2.0,,,,1.0,1.0,,,,1.9600000000000002,2.3166666666666664,102.0,111.0,4,1,14,11,0,0,0,0,0,0,3,3,0,0,0,0,0,0,0
72580,Matheus Cavichioli,14,327,1,6,0,5.43,0.0,1.17,7,0.24,,,,,26.0,19.0,,1.0,,1.0,1.0,,1.6749999999999998,0.5,101.0,101.0,1,0,0,1,0,0,0,0,0,0,0,0,0,0,0,0,0,0,0
71844,Thiago Galhardo,14,356,5,7,0,7.05,0.58,3.28,11,3.71,,,,4.0,,,,,,,,,4.428571428571428,1.275,85.0,102.0,11,2,6,6,0,5,0,0,0,0,2,7,0,0,0,0,0,0,0
98619,Kuscevic,14,294,3,7,0,3.41,-1.04,1.9,9,0.71,,,,,,,,,,,,,1.325,2.3600000000000003,100.0,101.0,7,1,9,12,0,0,0,0,0,0,4,3,0,0,0,0,0,0,0
105208,Bento,14,293,1,7,0,10.12,-0.34,4.3,13,2.81,,4.0,1.0,,43.0,16.0,,,,1.0,,,3.9499999999999997,4.6000000000000005,101.0,102.0,1,0,0,2,0,0,0,0,0,0,3,0,0,0,0,0,0,0,0
105175,Khellven,14,293,2,7,0,6.77,-0.05,3.55,10,-0.06,,3.0,1.0,3.0,,,,,,,,,4.066666666666666,2.75,72.0,48.0,5,0,11,8,0,0,0,0,0,0,0,3,0,0,0,0,0,0,0
110760,Biel,14,265,5,5,0,8.44,0.0,6.4,7,5.55,1.0,,,,,,,,,,,,,,73.0,101.0,20,2,7,10,0,5,0,0,0,0,2,8,0,0,0,0,0,0,0
39148,Hulk,14,282,5,7,0,17.78,0.0,8.45,12,7.74,,,2.0,6.0,,,1.0,1.0,,,,,9.040000000000001,8.028571428571428,93.0,102.0,41,6,2,19,0,16,0,0,0,0,4,17,0,0,0,0,0,0,0
83433,Patrick,14,282,4,2,0,5.53,0.0,1.86,12,-1.96,,,,1.0,,,,,,,,,1.75,1.9666666666666661,39.0,31.0,10,0,14,4,0,1,0,0,0,0,1,2,0,0,0,0,0,0,0
99818,Paulinho,14,282,5,7,0,10.75,0.43,5.59,12,3.57,,,,3.0,,,,,,,,,7.1499999999999995,4.016666666666667,88.0,98.0,8,3,18,9,0,13,0,0,0,0,0,6,0,0,0,0,0,0,0
109389,Raul Gustavo,14,265,3,6,0,9.0,0.0,0.0,0,12.48,,,,,,,,,,,,,,,0.0,0.0,0,0,0,0,0,0,0,0,0,0,0,0,0,0,0,0,0,0,0
78117,Everaldo,14,265,5,7,0,7.62,0.02,2.22,11,0.32,,,,5.0,,,,,,,,,2.0166666666666666,2.4799999999999995,66.0,30.0,8,2,5,12,0,4,0,0,0,0,3,1,0,0,0,0,0,0,0
86388,Alê,14,327,4,6,0,5.42,0.0,2.01,10,1.48,,,,,,,,,,,,,0.23333333333333336,4.675,57.0,16.0,8,1,9,13,0,0,0,0,0,0,2,4,0,0,0,0,0,0,0
42234,Cássio,14,264,1,6,0,8.48,1.57,2.96,14,7.93,,3.0,,,45.0,17.0,,,1.0,,,,2.0833333333333335,3.625,99.0,98.0,3,0,0,0,0,0,0,0,0,0,2,0,0,0,0,0,0,0,0
97468,Marçal,14,263,2,7,0,10.01,-0.83,6.27,6,3.3,,4.0,,,,,,,,,,,7.6000000000000005,4.933333333333333,93.0,50.0,6,0,16,10,0,0,0,0,0,0,4,3,0,0,0,0,0,0,0
89898,Róger Guedes,14,264,5,6,0,17.57,1.41,7.03,14,6.94,1.0,,,7.0,,,,,,,,,8.666666666666668,5.800000000000001,99.0,92.0,38,6,7,9,0,10,0,0,0,0,3,18,0,0,0,0,0,0,0
100652,Yuri Alberto,14,264,5,6,0,9.71,0.81,3.59,14,3.96,1.0,,2.0,6.0,,,,,,,,,3.6333333333333333,3.5249999999999995,83.0,93.0,24,2,3,22,0,6,0,0,0,0,1,8,0,0,0,0,0,0,0
38398,Renato Augusto,14,264,4,6,0,12.41,-0.37,1.85,4,2.13,,,,,,,,,,,,,1.9,1.7999999999999998,28.0,32.0,3,0,5,3,0,0,0,0,0,0,0,1,0,0,0,0,0,0,0
111682,Adson,14,264,4,6,0,4.71,-0.68,2.99,11,-0.06,,,,3.0,,,,,,,,,3.34,2.6999999999999997,55.0,6.0,10,0,19,6,0,2,0,0,0,0,0,6,0,0,0,0,0,0,0
68940,Rafael Cabral,14,283,1,7,0,10.89,-0.05,4.63,14,4.21,,6.0,,,45.0,11.0,,,,,,,4.071428571428571,5.171428571428572,103.0,103.0,1,0,1,0,0,0,0,0,0,0,1,0,0,0,0,0,0,0,0
94968,Juninho Capixaba,14,280,2,7,0,11.37,0.67,6.89,13,7.78,1.0,5.0,1.0,3.0,,,,,,,,,8.057142857142857,5.533333333333332,94.0,97.0,11,2,30,18,0,4,0,0,0,0,4,5,0,0,0,0,0,0,0
108133,Isidro Pitta,14,1371,5,6,0,2.75,0.0,0.43,12,0.93,,,,2.0,,,,,,,,,0.78,0.19999999999999998,30.0,13.0,8,0,0,7,0,1,0,0,0,0,0,3,0,0,0,0,0,0,0
92708,Deyverson,14,1371,5,7,0,8.56,0.96,4.98,13,9.6,1.0,,,15.0,,,,,,,,,5.1000000000000005,4.885714285714285,85.0,102.0,25,5,4,14,0,5,0,0,0,0,3,9,0,0,0,0,0,0,0
90768,Fabrício Bruno,14,262,3,6,0,8.66,-1.22,3.51,14,-1.06,,5.0,1.0,,,,,,,,,,6.028571428571429,1.0000000000000002,100.0,104.0,8,0,15,6,0,1,0,0,0,0,3,1,0,0,0,0,0,0,0
51772,Everton Ribeiro,14,262,4,7,0,10.01,1.31,4.71,10,5.39,,,2.0,1.0,,,,,,,,,4.7,4.720000000000001,65.0,52.0,13,2,10,7,0,2,0,0,0,0,0,3,0,0,0,0,0,0,0
87863,Arrascaeta,14,262,4,7,0,14.31,-1.0,6.56,9,6.35,2.0,,3.0,3.0,,,1.0,,,,,,8.666666666666666,5.516666666666667,72.0,39.0,12,2,9,12,0,3,0,0,0,0,1,7,0,0,0,0,0,0,0
80287,Luciano,14,276,5,7,0,12.51,0.0,5.01,13,6.24,1.0,,2.0,2.0,,,,,,,,,7.271428571428571,2.3833333333333333,75.0,93.0,21,4,4,11,1,6,0,0,0,0,2,9,0,0,0,0,0,0,0
82453,Tadeu,14,290,1,7,0,5.72,-0.75,2.91,11,-0.43,,1.0,,,43.0,18.0,,,,,,,2.75,3.0,101.0,111.0,4,0,0,0,0,0,0,0,0,0,0,0,0,0,0,0,0,0,0
99815,Arias,14,266,4,7,0,8.58,0.0,3.55,11,0.42,,,2.0,5.0,,,,1.0,,,,,3.84,3.283333333333333,95.0,101.0,26,0,19,18,0,2,0,0,0,0,2,2,0,0,0,0,0,0,0
90061,Bruno Pacheco,14,356,2,7,0,12.22,1.06,6.83,13,7.35,,7.0,3.0,,,,,,,,,,7.614285714285714,5.916666666666667,95.0,102.0,17,0,26,21,0,2,0,0,0,0,1,5,0,0,0,0,0,0,0
71571,Fernando Miguel,14,356,1,6,0,10.86,0.0,5.25,4,5.47,,1.0,,,20.0,4.0,,,,,,,,,100.0,102.0,0,0,0,0,0,0,0,0,0,0,0,0,0,0,0,0,0,0,0
62977,Ganso,14,266,4,7,0,11.22,0.0,5.39,11,1.9,,,3.0,1.0,,,,,,,,,5.966666666666666,4.68,80.0,12.0,17,3,9,4,0,2,0,0,0,0,1,1,0,0,0,0,0,0,0
94583,Pedro,14,262,5,6,0,11.97,-0.08,4.01,12,0.93,,,,2.0,,,1.0,,,,,,4.457142857142857,3.38,61.0,90.0,4,4,4,5,0,5,0,0,0,0,0,5,0,0,0,0,0,0,0
101290,Ferreira,14,284,5,6,0,7.28,-0.73,2.45,2,0.02,,,1.0,1.0,,,,,,,,,0.0,4.9,14.0,24.0,0,0,0,0,0,0,0,0,0,0,0,0,0,0,0,0,0,0,0
78850,Reinaldo,14,284,2,6,0,7.52,-0.03,4.52,9,1.14,,1.0,4.0,2.0,,,,,,,,,5.583333333333333,2.4000000000000004,97.0,98.0,9,1,5,16,0,4,0,0,0,0,5,3,0,0,0,0,0,0,0
87242,Carlos de Pena,14,285,4,7,0,6.62,-0.33,2.3,11,-0.47,,,,,,,,,,,,,2.8400000000000003,1.8500000000000003,79.0,73.0,6,1,10,7,0,2,0,0,0,0,2,5,0,0,0,0,0,0,0
68685,Alan Patrick,14,285,4,7,0,8.15,0.0,2.71,11,-0.11,,,2.0,,,,,,,,,,1.3500000000000003,4.32,88.0,18.0,24,0,4,7,0,4,0,0,0,0,3,4,0,0,0,0,0,0,0
72583,Pedro Henrique,14,285,5,6,0,6.83,0.0,3.55,11,3.07,,,1.0,11.0,,,1.0,,,,,,3.3600000000000003,3.716666666666667,78.0,80.0,10,1,12,20,0,4,0,0,0,0,0,10,0,0,0,0,0,0,0
78445,Renê,14,285,2,7,0,9.3,-0.19,4.48,12,2.57,,4.0,,1.0,,,,,,,,,4.533333333333332,4.416666666666667,95.0,100.0,20,0,22,10,0,0,0,0,0,0,2,3,0,0,0,0,0,0,0
68920,Dudu,14,275,5,7,0,16.34,1.69,6.36,13,8.91,1.0,,3.0,3.0,,,,,,,,,6.585714285714286,6.1000000000000005,86.0,96.0,38,3,6,8,0,7,0,0,0,0,0,11,0,0,0,0,0,0,0
71631,Weverton,14,275,1,7,0,8.71,-0.11,3.2,13,1.36,,3.0,,,38.0,12.0,,,,,,,1.2142857142857142,5.5,101.0,104.0,1,0,0,0,0,0,0,0,0,0,0,0,0,0,0,0,0,0,0
85425,João Paulo,14,277,1,7,0,10.65,-0.47,4.04,14,-1.58,,5.0,,,51.0,19.0,,,,,,,2.875,5.583333333333333,102.0,111.0,1,0,0,0,0,0,0,0,0,0,1,0,0,0,0,0,0,0,0
110506,Abel Ferreira,14,275,6,7,0,13.17,-0.15,5.67,14,2.12,,,,,,,,,,,,6.0,,,,,0,0,0,0,0,0,0,0,0,0,0,0,0,0,0,0,0,0,0
37281,Mano Menezes,14,285,6,7,0,11.0,-0.43,4.75,14,1.15,,,,,,,,,,,,6.0,,,,,0,0,0,0,0,0,0,0,0,0,0,0,0,0,0,0,0,0,0
41929,Renato Gaúcho,14,284,6,6,0,12.54,-0.24,5.59,14,2.35,,,,,,,,,,,,8.0,,,,,0,0,0,0,0,0,0,0,0,0,0,0,0,0,0,0,0,0,0
104754,Juan Vojvoda,14,356,6,7,0,12.93,1.09,5.69,14,5.7,,,,,,,,,,,,6.0,,,,,0,0,0,0,0,0,0,0,0,0,0,0,0,0,0,0,0,0,0
91708,Nino,14,266,3,7,0,12.47,1.21,4.18,13,4.69,1.0,5.0,,,,,,1.0,,,,,5.542857142857144,2.5833333333333335,96.0,100.0,15,2,7,14,0,1,0,0,0,0,2,3,0,0,0,0,0,0,0
117711,Pedro Caixinha,14,280,6,7,0,11.04,-0.06,5.98,14,4.56,,,,,,,,,,,,6.0,,,,,0,0,0,0,0,0,0,0,0,0,0,0,0,0,0,0,0,0,0
72391,Fernando Diniz,14,266,6,7,0,14.66,1.08,5.57,14,5.72,,,,,,,,,,,,7.0,,,,,0,0,0,0,0,0,0,0,0,0,0,0,0,0,0,0,0,0,0
111578,António Oliveira,14,1371,6,7,0,6.47,-0.7,5.11,9,2.06,,,,,,,,,,,,3.0,,,,,0,0,0,0,0,0,0,0,0,0,0,0,0,0,0,0,0,0,0
101254,Alef Manga,14,294,5,3,0,11.97,1.13,7.17,10,9.36,,,3.0,8.0,,,,,,,,,7.159999999999999,7.18,89.0,101.0,11,4,9,10,0,6,0,0,0,0,3,10,0,0,0,0,0,0,0
110818,Renato Paiva,14,265,6,7,0,8.7,-0.21,4.49,14,1.12,,,,,,,,,,,,3.0,,,,,0,0,0,0,0,0,0,0,0,0,0,0,0,0,0,0,0,0,0
39850,Vagner Mancini,14,327,6,6,0,7.5,-0.18,3.8,14,2.34,,,,,,,,,,,,2.0,,,,,0,0,0,0,0,0,0,0,0,0,0,0,0,0,0,0,0,0,0
82747,Paulo Turra,14,277,6,7,0,10.84,1.17,5.32,12,5.33,,,,,,,,,,,,6.0,,,,,0,0,0,0,0,0,0,0,0,0,0,0,0,0,0,0,0,0,0
90031,Mendoza,14,277,5,7,0,15.88,3.42,8.87,9,14.05,,,2.0,2.0,,,1.0,,,,,,12.333333333333334,1.9333333333333333,89.0,111.0,27,5,6,7,0,4,0,0,0,0,0,7,0,0,0,0,0,0,0
69705,Nikão,14,283,4,6,0,3.48,0.0,0.3,5,0.33,,,,2.0,,,,,,,,,,,44.0,38.0,3,0,2,4,0,0,0,0,0,0,1,0,0,0,0,0,0,0,0
97653,Murilo,14,275,3,7,0,8.37,-0.45,2.76,5,-0.08,,,,1.0,,,,,,,,,4.366666666666666,0.3500000000000001,88.0,25.0,3,1,6,6,0,0,0,0,0,0,1,0,0,0,0,0,0,0,0
109591,Andrey Santos,14,267,4,6,0,10.9,0.0,3.77,6,1.79,,,,1.0,,,,,,,,,,,,,4,1,14,13,0,1,0,0,0,0,3,2,0,0,0,0,0,0,0
68991,Lucas Sasha,14,356,4,6,0,6.08,0.0,3.33,7,-2.35,,,,1.0,,,,,,,,,1.7666666666666668,4.5,61.0,20.0,6,0,19,10,0,0,0,0,0,0,1,2,0,0,0,0,0,0,0
38877,Mariano,14,282,2,3,0,5.21,-0.29,2.39,10,0.25,,2.0,,,,,,,,,,,1.9000000000000001,3.5333333333333337,73.0,48.0,2,0,16,15,0,1,0,0,0,0,3,0,0,0,0,0,0,0,0
100848,Luan Cândido,14,280,2,6,0,8.41,0.44,5.45,2,4.53,,2.0,,,,,,,,,,,6.2,4.7,16.0,27.0,0,0,0,1,0,1,0,0,0,0,0,0,0,0,0,0,0,0,0
80692,Luan,14,275,3,7,0,7.45,0.3,3.79,11,2.05,1.0,3.0,,3.0,,,,,,,,,3.499999999999999,4.050000000000001,93.0,104.0,8,1,10,15,0,2,0,0,0,0,1,4,0,0,0,0,0,0,0
81150,Mayke,14,275,2,3,0,7.81,0.42,4.72,12,2.46,,3.0,2.0,,,,,,,,,,5.033333333333333,4.3999999999999995,82.0,104.0,3,1,24,15,0,0,0,0,0,0,3,1,0,0,0,0,0,0,0
86391,Sander,14,290,2,7,0,10.7,-0.02,5.46,14,3.6,,1.0,2.0,1.0,,,,,,,,,7.216666666666666,4.15,99.0,111.0,31,0,34,17,0,6,0,0,0,0,0,4,0,0,0,0,0,0,0
82455,Zé Rafael,14,275,4,7,0,10.59,0.0,4.48,11,4.99,,,1.0,1.0,,,,,,,,,4.139999999999999,4.766666666666667,92.0,103.0,24,0,31,28,0,5,0,0,0,0,4,2,0,0,0,0,0,0,0
68872,Marcelo Lomba,14,275,1,6,0,5.89,0.0,1.0,1,7.91,,,,,2.0,1.0,,,,,,,0.0,1.0,101.0,101.0,0,0,0,0,0,0,0,0,0,0,0,0,0,0,0,0,0,0,0
38402,Marcelo,14,266,2,7,0,15.21,2.09,7.4,6,11.08,,3.0,1.0,1.0,,,,,,,,,8.45,5.3,82.0,100.0,14,0,10,1,0,3,0,0,0,0,1,4,0,0,0,0,0,0,0
90290,Jailson,14,275,4,5,0,4.22,0.0,0.0,1,5.69,,,,,,,,,,,,,0.0,0.0,38.0,38.0,0,0,0,0,0,0,0,0,0,0,0,0,0,0,0,0,0,0,0
103767,Gabriel Menino,14,275,4,7,0,8.47,-1.07,4.8,13,0.36,2.0,,1.0,1.0,,,,,,,,,3.016666666666666,6.299999999999999,80.0,98.0,16,2,22,23,0,3,0,0,0,0,3,9,0,0,0,0,0,0,0
107236,Vanderlan,14,275,2,6,0,6.13,0.0,3.98,5,1.21,,,1.0,1.0,,,,,,,,,5.0,3.3000000000000003,101.0,105.0,3,0,13,9,0,0,0,0,0,0,1,2,0,0,0,0,0,0,0
102130,Piquerez,14,275,2,7,0,10.02,0.02,5.81,9,2.8,,3.0,3.0,,,,,,,,1.0,,3.3400000000000007,8.9,101.0,104.0,8,0,19,7,0,1,0,0,0,0,3,3,0,0,0,0,0,0,0
93988,Breno Lopes,14,275,5,6,0,5.02,0.0,2.56,8,10.23,,,3.0,3.0,,,,,,,,,0.3,3.9200000000000004,29.0,76.0,7,0,1,1,0,2,0,0,0,0,1,0,0,0,0,0,0,0,0
111760,Fabinho,14,275,4,6,0,2.91,-0.05,1.2,9,0.0,,,,,,,,,,,,,1.02,1.425,27.0,8.0,5,0,7,3,0,0,0,0,0,0,0,1,0,0,0,0,0,0,0
91607,Rony,14,275,5,7,0,9.31,0.63,3.08,11,3.0,1.0,,,13.0,,,,,,,,,4.75,1.0799999999999998,74.0,104.0,11,2,5,11,0,4,0,0,0,0,0,4,0,0,0,0,0,0,0
111759,Giovani,14,275,5,6,0,2.64,0.0,1.25,2,2.5,,,,,,,,,,,,,0.8,1.7,14.0,16.0,1,0,1,0,0,0,0,0,0,0,0,1,0,0,0,0,0,0,0
85083,Vinicius Silvestre,14,275,1,6,0,3.0,0.0,0.0,0,3.96,,,,,,,,,,,,,,,0.0,0.0,0,0,0,0,0,0,0,0,0,0,0,0,0,0,0,0,0,0,0
113103,Flaco López,14,275,5,7,0,6.56,0.0,2.08,6,2.03,,,,2.0,,,1.0,,,,,,2.8999999999999995,0.44999999999999996,37.0,39.0,0,1,3,7,0,2,0,0,0,0,1,1,0,0,0,0,0,0,0
115959,Endrick,14,275,5,7,0,7.04,-1.36,3.07,12,-0.08,1.0,,,,,,1.0,,,,,,2.34,3.6,34.0,6.0,8,4,3,21,1,2,0,0,0,0,2,4,0,0,0,0,0,0,0
107225,Gustavo Garcia,14,275,2,6,0,2.59,0.0,1.55,4,-1.35,,1.0,,,,,,1.0,1.0,,,,0.9,1.7666666666666666,65.0,105.0,3,0,2,1,0,0,0,0,0,0,0,2,0,0,0,0,0,0,0
113159,Michel,14,275,3,6,0,2.0,0.0,0.0,0,2.54,,,,,,,,,,,,,,,0.0,0.0,0,0,0,0,0,0,0,0,0,0,0,0,0,0,0,0,0,0,0
96754,Atuesta,14,275,4,5,0,5.0,0.0,0.0,0,6.8,,,,,,,,,,,,,,,0.0,0.0,0,0,0,0,0,0,0,0,0,0,0,0,0,0,0,0,0,0,0
38279,Wellington Paulista,14,327,5,6,0,3.4,-0.23,1.62,6,0.01,,,,1.0,,,,,,,,,2.4250000000000003,0.0,31.0,34.0,0,1,0,2,1,2,0,0,0,0,0,5,0,0,0,0,0,0,0
79334,Ricardo Silva,14,327,3,5,0,2.01,0.0,1.04,5,0.55,,,,,,,,,,,,,,,72.0,22.0,4,0,5,6,0,0,0,0,0,0,1,0,0,0,0,0,0,0,0
102928,Canobbio,14,293,5,7,0,6.24,0.0,4.78,10,1.99,,,1.0,2.0,,,,,1.0,,,,5.6499999999999995,3.475,61.0,85.0,12,1,17,6,0,8,0,0,0,0,3,6,0,0,0,0,0,0,0
60825,Felipe Azevedo,14,327,5,6,0,4.66,0.0,2.45,12,1.3,1.0,,,1.0,,,,,,,,,3.6571428571428575,0.8,64.0,62.0,12,1,7,11,0,3,0,0,0,0,0,5,0,0,0,0,0,0,0
72142,Danilo Avelar,14,327,3,6,0,6.02,-1.54,5.27,11,1.31,1.0,1.0,1.0,1.0,,1.0,,,1.0,,,,4.68,5.766666666666667,81.0,101.0,7,3,15,24,0,5,0,0,0,0,2,6,0,0,0,0,0,0,0
68773,Henrique Almeida,14,327,5,6,0,3.0,-0.37,0.88,4,0.03,1.0,,,1.0,,,,,1.0,,,,1.9000000000000001,-0.15,45.0,67.0,1,0,0,3,0,1,0,0,0,0,0,1,0,0,0,0,0,0,0
82381,Juninho,14,327,4,6,0,7.14,1.67,2.87,14,7.0,,,,1.0,,,1.0,,,,,,3.142857142857143,2.5857142857142854,88.0,80.0,11,2,14,11,0,3,0,0,0,0,1,2,0,0,0,0,0,0,0
89226,Iago Maidana,14,327,3,6,0,2.2,-0.08,0.7,12,1.33,,,,1.0,,,,,,,,,0.5833333333333333,0.8166666666666668,85.0,101.0,1,0,8,14,0,2,0,0,0,0,3,4,0,0,0,0,0,0,0
86864,Marlon,14,327,2,6,0,5.79,0.64,3.69,9,2.78,,1.0,1.0,,,,,,,,1.0,,3.8249999999999997,3.5799999999999996,81.0,84.0,17,0,16,7,0,0,0,0,0,0,1,2,0,0,0,0,0,0,0
94263,Dadá Belmonte,14,327,4,6,0,7.0,0.0,0.0,0,9.64,,,,,,,,,,,,,,,0.0,0.0,0,0,0,0,0,0,0,0,0,0,0,0,0,0,0,0,0,0,0
93550,Benítez,14,327,4,6,0,7.7,0.0,5.02,6,6.06,1.0,,1.0,3.0,,,,,,,,,5.5,4.533333333333333,74.0,50.0,19,0,8,7,0,2,0,0,0,0,1,5,0,0,0,0,0,0,0
91151,Everaldo,14,327,5,6,0,9.08,-0.46,4.38,11,3.09,2.0,,2.0,3.0,,,,,,,,,4.38,4.383333333333333,74.0,67.0,17,1,14,8,0,2,0,0,0,0,4,4,0,0,0,0,0,0,0
91203,Éder,14,327,3,6,0,2.38,-1.0,1.17,8,-0.42,,,,2.0,,,,1.0,,,,,1.05,1.2,102.0,101.0,2,0,16,15,0,0,0,0,0,0,4,1,0,0,0,0,0,0,0
102561,Mastriani,14,327,5,6,0,5.94,0.0,6.7,3,11.88,,,,1.0,,,,,,,,,2.1,9.0,54.0,63.0,1,2,1,1,0,1,0,0,0,0,0,2,0,0,0,0,0,0,0
103388,Emmanuel Martínez,14,327,4,6,0,6.03,-0.28,3.75,13,4.19,1.0,,3.0,,,,,,,,,,3.0833333333333335,4.314285714285714,63.0,101.0,26,0,14,15,0,2,0,0,0,0,1,5,0,0,0,0,0,0,0
93886,Matheusinho,14,327,4,6,0,3.86,-0.98,2.4,4,0.52,,,,1.0,,,,,,,,,0.5,3.033333333333333,48.0,21.0,7,0,2,2,0,3,0,0,0,0,0,1,0,0,0,0,0,0,0
95662,Lucas Kal,14,327,4,6,0,2.11,-0.14,0.45,11,-0.92,,,,,,,,,,,,,0.18333333333333332,0.7600000000000001,76.0,51.0,1,0,7,10,0,1,0,0,0,0,3,1,0,0,0,0,0,0,0
115563,Rodriguinho,14,327,4,6,0,2.14,0.0,0.25,2,0.72,,,,,,,,,,,,,0.25,0.0,17.0,17.0,1,0,0,0,0,0,0,0,0,0,0,0,0,0,0,0,0,0,0
115998,Adyson,14,327,5,5,0,2.43,0.0,1.65,2,2.07,,,,,,,,,,,,,,,34.0,34.0,0,0,3,1,0,0,0,0,0,0,0,0,0,0,0,0,0,0,0
115562,Arthur,14,327,2,6,0,3.25,0.0,1.6,1,4.07,,,,,,,,,,,,,,,106.0,106.0,2,0,2,6,0,0,0,0,0,0,0,0,0,0,0,0,0,0,0
86143,Wanderson,14,327,3,6,0,2.82,0.0,1.16,7,0.21,,1.0,,,,,,,,,,,1.8,0.3,80.0,11.0,1,0,3,10,0,1,0,0,0,0,0,1,0,0,0,0,0,0,0
102299,Mikael,14,327,5,6,0,3.87,0.0,2.1,4,3.14,,,,2.0,,,,,,,,,,,42.0,65.0,2,0,1,0,0,2,0,0,0,0,0,5,0,0,0,0,0,0,0
52827,David Luiz,14,262,3,7,0,6.87,-0.78,4.25,9,0.37,,3.0,1.0,,,,,,,,,,4.48,3.975,81.0,104.0,2,1,9,11,0,1,0,0,0,0,1,2,0,0,0,0,0,0,0
106299,Realpe,14,280,3,6,0,1.85,0.0,1.95,6,0.12,,2.0,,,,,,,,,,,3.3333333333333335,0.5666666666666668,80.0,101.0,0,0,4,7,0,0,0,0,0,0,1,0,0,0,0,0,0,0,0
95127,Nicolas,14,327,2,6,0,3.02,0.0,-0.3,2,-1.5,,,,,,,,,,,,,,,61.0,34.0,0,0,0,2,0,0,0,0,0,0,0,0,0,0,0,0,0,0,0
111172,Robson,14,327,1,6,0,2.0,0.0,0.0,0,2.54,,,,,,,,,,,,,,,0.0,0.0,0,0,0,0,0,0,0,0,0,0,0,0,0,0,0,0,0,0,0
97453,Jori,14,327,1,6,0,3.0,0.0,0.0,0,3.96,,,,,,,,,,,,,,,0.0,0.0,0,0,0,0,0,0,0,0,0,0,0,0,0,0,0,0,0,0,0
38750,Filipe Luís,14,262,2,7,0,6.27,0.0,2.33,3,4.27,,1.0,,,,,,,,,,,5.8,0.6,13.0,12.0,0,0,1,0,0,0,0,0,0,0,0,1,0,0,0,0,0,0,0
69012,Santos,14,262,1,6,0,9.47,0.0,3.25,6,5.55,,2.0,,,17.0,8.0,,,,,,,,,91.0,100.0,1,0,0,0,0,0,0,0,0,0,0,0,0,0,0,0,0,0,0
68952,Marinho,14,356,5,7,0,2.81,-0.11,1.06,5,1.92,,,,3.0,,,,,,,,,1.5999999999999999,0.25,29.0,30.0,1,0,2,3,0,4,0,0,0,0,2,1,0,0,0,0,0,0,0
69165,Pablo,14,262,3,6,0,5.0,0.0,0.0,0,6.8,,,,,,,,,,,,,,,0.0,0.0,0,0,0,0,0,0,0,0,0,0,0,0,0,0,0,0,0,0,0
73800,Rodrigo Caio,14,262,3,6,0,3.97,0.0,0.0,1,5.33,,,,,,,,,,,,,,,12.0,12.0,0,0,0,0,0,0,0,0,0,0,0,0,0,0,0,0,0,0,0
69375,Vidal,14,293,4,6,0,5.71,0.0,2.32,6,-2.02,1.0,,,,,,,,,,,,,,,,5,0,5,4,0,2,0,0,0,0,2,4,0,0,0,0,0,0,0
86757,Everton,14,262,5,7,0,8.98,-0.62,4.89,13,3.51,,,3.0,3.0,,,1.0,,,,,,5.616666666666667,4.257142857142858,62.0,65.0,10,2,9,10,0,8,0,0,0,0,1,13,0,0,0,0,0,0,0
89637,Thiago Maia,14,262,4,7,0,6.35,0.04,2.32,12,0.6,,,,,,,,,1.0,,,,3.5,1.4857142857142855,80.0,104.0,2,0,28,15,0,0,0,0,0,0,2,1,0,0,0,0,0,0,0
90285,Bruno Henrique,14,262,5,5,0,5.53,0.16,1.96,9,0.86,,,,2.0,,,,,,,,,2.66,1.1,39.0,23.0,6,1,4,7,0,1,0,0,0,0,1,5,0,0,0,0,0,0,0
83528,Léo Pereira,14,262,3,7,0,14.37,0.0,6.24,12,3.95,,5.0,,1.0,,,,,,,,,9.428571428571429,1.78,81.0,31.0,11,3,19,7,0,0,0,0,0,0,1,1,0,0,0,0,0,0,0
89256,Gerson,14,262,4,7,0,11.13,-0.28,6.53,10,1.5,,,5.0,2.0,,,1.0,,1.0,,,,4.7,8.36,99.0,104.0,29,2,11,22,0,1,0,0,0,0,1,4,0,0,0,0,0,0,0
111690,Matheus Cunha,14,262,1,7,0,6.06,-1.96,5.65,10,1.35,,3.0,,,44.0,10.0,,,,1.0,,,11.375,1.8333333333333333,86.0,104.0,1,0,0,0,0,0,0,0,0,0,0,0,0,0,0,0,0,0,0
84816,Varela,14,262,2,6,0,4.61,0.0,5.6,1,5.38,,1.0,,,,,,,,,,,5.6,0.0,19.0,19.0,0,0,1,2,0,0,0,0,0,0,0,0,0,0,0,0,0,0,0
91473,Erick Pulgar,14,262,4,5,0,4.08,0.0,3.04,10,0.31,,,,2.0,,,,,,,,,1.86,4.220000000000001,83.0,98.0,5,2,16,19,0,0,0,0,0,0,3,2,0,0,0,0,0,0,0
111694,Mateusão,14,262,5,6,0,2.0,0.0,0.0,0,2.54,,,,,,,,,,,,,,,0.0,0.0,0,0,0,0,0,0,0,0,0,0,0,0,0,0,0,0,0,0,0
115100,Matheus França,14,262,4,6,0,6.62,-0.78,3.43,9,-0.27,2.0,,,,,,,,,,,,3.05,3.7399999999999998,47.0,14.0,4,1,8,9,0,0,0,0,0,0,0,10,0,0,0,0,0,0,0
114790,Cleiton,14,262,3,6,0,3.0,0.0,0.0,0,3.96,,,,,,,,,,,,,,,0.0,0.0,0,0,0,0,0,0,0,0,0,0,0,0,0,0,0,0,0,0,0
38394,Thiago Heleno,14,293,3,7,0,6.96,0.0,2.93,12,2.4,,4.0,,1.0,,,,,,,,,3.228571428571428,2.5,93.0,105.0,8,0,11,8,0,0,0,0,0,0,2,3,0,0,0,0,0,0,0
116034,Victor Hugo,14,262,4,7,0,5.33,-0.11,1.9,13,-0.24,,,1.0,,,,,,,,,,2.2142857142857144,1.5333333333333332,47.0,81.0,12,0,11,3,0,0,0,0,0,0,1,3,0,0,0,0,0,0,0
72775,Fernandinho,14,293,4,7,0,5.0,0.0,1.46,5,0.88,,,1.0,1.0,,,,,1.0,,,,1.9666666666666668,0.7,71.0,71.0,6,0,4,10,0,0,0,0,0,0,3,2,0,0,0,0,0,0,0
85465,Alex Santana,14,293,4,6,0,4.54,-0.39,2.38,9,0.49,,,,1.0,,,,1.0,,,,,3.8000000000000003,1.6666666666666663,76.0,102.0,16,1,6,11,0,1,0,0,0,0,3,8,0,0,0,0,0,0,0
78077,Madson,14,293,2,6,0,5.68,0.0,1.76,10,2.69,,2.0,1.0,3.0,,,,,,,,,2.96,0.5599999999999999,75.0,27.0,8,0,3,11,0,0,0,0,0,0,3,2,0,0,0,0,0,0,0
69138,Pablo,14,293,5,6,0,11.51,0.0,5.0,8,2.95,,,2.0,1.0,,,,,,,,,,,69.0,63.0,9,1,10,8,0,3,0,0,0,0,2,8,0,0,0,0,0,0,0
69022,Marcelo Cirino,14,293,5,6,0,3.57,0.19,0.4,3,0.91,,,,,,,,,,,,,0.0,0.6,18.0,39.0,1,0,1,1,0,0,0,0,0,0,1,1,0,0,0,0,0,0,0
70986,Léo Cittadini,14,293,4,6,0,1.85,0.02,0.58,5,1.27,,,,,,,,,,,,,0.4,0.625,45.0,63.0,3,0,1,6,0,1,0,0,0,0,0,1,0,0,0,0,0,0,0
91866,Zé Ivaldo,14,293,3,7,0,4.23,-0.06,2.54,9,-0.69,,3.0,,,,,,,1.0,,,,4.220000000000001,0.42499999999999993,84.0,48.0,7,0,7,11,0,1,0,0,0,0,1,0,0,0,0,0,0,0,0
87552,Vitor Bueno,14,293,4,7,0,8.66,0.0,4.89,10,8.17,2.0,,3.0,1.0,,,,,,,,,4.68,5.08,67.0,105.0,12,1,6,7,0,6,0,0,0,0,4,7,0,0,0,0,0,0,0
98022,Erick,14,293,4,7,0,7.19,0.0,4.63,11,4.36,1.0,,1.0,1.0,,,,,,,,,6.6428571428571415,1.1,78.0,105.0,9,1,20,19,0,6,0,0,0,0,3,10,0,0,0,0,0,0,0
98909,Cuello,14,293,5,6,0,4.41,0.74,2.77,9,3.82,,,,,,,,,,,,,2.5,2.9799999999999995,57.0,102.0,11,0,11,10,0,5,0,0,0,0,0,4,0,0,0,0,0,0,0
101594,Hugo Moura,14,293,4,6,0,6.69,-0.42,3.36,12,0.86,,,1.0,,,,,,,,,,2.9799999999999995,3.6285714285714286,71.0,102.0,11,0,27,10,0,0,0,0,0,0,2,3,0,0,0,0,0,0,0
110698,Mycael,14,293,1,6,0,3.0,0.0,0.0,0,3.96,,,,,,,,,,,,,,,0.0,0.0,0,0,0,0,0,0,0,0,0,0,0,0,0,0,0,0,0,0,0
73850,Aloísio,14,327,5,6,0,7.85,0.0,4.57,12,-0.31,4.0,,1.0,6.0,,,,,,,,,4.400000000000001,4.733333333333333,65.0,39.0,8,3,2,18,0,7,0,0,0,0,3,10,0,0,0,0,0,0,0
115537,Marcos Victor,14,265,3,6,0,4.0,0.0,0.0,0,5.38,,,,,,,,,,,,,,,0.0,0.0,0,0,0,0,0,0,0,0,0,0,0,0,0,0,0,0,0,0,0
107197,Rômulo,14,293,5,5,0,1.58,0.0,0.42,5,0.86,,,,,,,,,,,,,,,38.0,12.0,2,0,1,3,0,0,0,0,0,0,0,1,0,0,0,0,0,0,0
50347,Alan Kardec,14,282,5,2,0,4.68,0.25,2.8,3,0.6,,,,1.0,,,,,,,,,-0.15000000000000002,8.7,32.0,48.0,1,1,0,2,0,0,0,0,0,0,1,2,0,0,0,0,0,0,0
102796,Julimar,14,293,5,6,0,2.0,0.0,0.0,0,2.54,,,,,,,,,,,,,,,0.0,0.0,0,0,0,0,0,0,0,0,0,0,0,0,0,0,0,0,0,0,0
102310,Matheus Felipe,14,293,3,2,0,2.32,-0.3,1.67,4,0.04,,1.0,,,,,,,,,,,0.0,1.675,53.0,102.0,0,0,0,1,0,1,0,0,0,0,0,1,0,0,0,0,0,0,0
103684,Kaíque Rocha,14,293,3,2,0,3.41,-0.59,2.9,1,2.15,,,,,,,,,,,,,0.0,2.9,102.0,102.0,0,0,2,1,0,0,0,0,0,0,0,1,0,0,0,0,0,0,0
63289,Edenílson,14,282,4,2,0,5.24,0.26,2.09,13,1.41,,,2.0,,,,,,,,,,1.4833333333333334,2.6142857142857143,55.0,76.0,7,0,12,9,0,1,0,0,0,0,0,1,0,0,0,0,0,0,0
68727,Dodô,14,277,2,7,0,3.94,0.0,2.2,1,4.95,,,,,,,,,,,,,,,63.0,63.0,2,0,1,0,0,0,0,0,0,0,0,0,0,0,0,0,0,0,0
82463,Otávio,14,282,4,7,0,4.13,0.0,2.03,4,2.94,,,,,,,,,,,,,,,99.0,108.0,2,0,8,5,0,1,0,0,0,0,3,1,0,0,0,0,0,0,0
69102,Vargas,14,282,5,2,0,4.33,-0.14,1.49,10,0.13,,,,,,,1.0,,,,,,2.8499999999999996,0.5666666666666667,48.0,50.0,4,1,3,6,0,2,0,0,0,0,2,2,0,0,0,0,0,0,0
85931,Hyoran,14,282,4,5,0,5.95,0.0,3.54,11,2.08,1.0,,,2.0,,,,,1.0,,,,3.575,3.514285714285714,63.0,22.0,9,2,13,22,0,3,0,0,0,0,4,10,0,0,0,0,0,0,0
70360,Eduardo Sasha,14,280,5,7,0,11.87,-0.76,6.19,14,2.74,2.0,,2.0,5.0,,,,,,,,,5.812500000000001,6.7,75.0,66.0,17,6,7,11,0,5,0,0,0,0,2,7,0,0,0,0,0,0,0
52253,Réver,14,282,3,6,0,4.52,0.0,4.85,2,4.38,,2.0,,,,,,,,,,,,,8.0,3.0,0,0,0,1,0,0,0,0,0,0,1,0,0,0,0,0,0,0,0
89493,Igor Rabello,14,282,3,6,0,3.58,0.0,0.0,1,4.78,,,,,,,,,,,,,0.0,0.0,31.0,31.0,0,0,0,0,0,0,0,0,0,0,0,0,0,0,0,0,0,0,0
96652,Allan,14,262,4,2,0,9.0,0.0,0.0,0,12.48,,,,,,,,,,,,,,,0.0,0.0,0,0,0,0,0,0,0,0,0,0,0,0,0,0,0,0,0,0,0
91908,Pavón,14,282,5,2,0,9.06,-0.05,5.42,13,3.82,,,4.0,1.0,,,,,,,,,5.771428571428571,5.0,70.0,98.0,11,2,17,12,0,6,0,0,0,0,3,10,0,0,0,0,0,0,0
104085,Bruno Fuchs,14,282,3,6,0,4.33,0.0,2.53,7,1.45,,3.0,,,,,,,,,,,2.5,2.54,68.0,69.0,5,0,2,4,0,0,0,0,0,0,1,0,0,0,0,0,0,0,0
98706,Pedrinho,14,282,4,6,0,3.87,-1.29,0.45,2,0.69,,,,,,,,,,,,,0.45,0.0,38.0,50.0,0,0,0,1,0,1,0,0,0,0,0,0,0,0,0,0,0,0,0
87009,Nathan,14,284,4,6,0,4.8,-0.88,2.26,10,0.55,,,1.0,1.0,,,,,,,,,2.0833333333333335,2.525,30.0,5.0,4,0,9,7,0,4,0,0,0,0,1,4,0,0,0,0,0,0,0
96725,Saravia,14,282,2,7,0,5.9,-0.35,3.08,8,-0.26,,2.0,,,,,,1.0,,,,,1.45,4.7,68.0,22.0,13,0,12,13,0,1,0,0,0,0,3,3,0,0,0,0,0,0,0
104383,Matheus Mendes,14,282,1,6,0,3.0,0.0,0.0,0,3.96,,,,,,,,,,,,,,,0.0,0.0,0,0,0,0,0,0,0,0,0,0,0,0,0,0,0,0,0,0,0
100079,Zaracho,14,282,4,5,0,7.79,0.0,3.69,12,5.35,1.0,,,1.0,,,,,,,,,4.116666666666667,3.266666666666666,86.0,71.0,16,1,25,20,0,1,0,0,0,0,3,4,0,0,0,0,0,0,0
87853,Mauricio Lemos,14,282,3,7,0,9.98,-0.26,4.03,9,3.13,,2.0,,2.0,,,,1.0,,,,,5.279999999999999,2.475,89.0,98.0,6,1,15,9,0,4,0,0,0,0,4,3,0,0,0,0,0,0,0
101314,Ademir,14,265,5,7,0,5.49,-0.32,2.91,11,1.03,,,,4.0,,,,,,,,,3.233333333333333,2.1,64.0,62.0,34,1,6,12,0,3,0,0,0,0,3,4,0,0,0,0,0,0,0
123360,Cauly,14,265,4,7,0,6.38,0.0,2.98,13,2.38,,,2.0,2.0,,,,,,,,,3.428571428571428,2.466666666666667,87.0,100.0,11,0,7,11,0,8,0,0,0,0,0,11,0,0,0,0,0,0,0
61106,Cicinho,14,265,2,7,0,3.95,0.0,4.22,6,1.67,1.0,2.0,,,,,,,,,,,4.333333333333333,4.1000000000000005,91.0,100.0,8,0,12,17,0,1,0,0,0,0,3,1,0,0,0,0,0,0,0
115674,Gabriel Delfim,14,282,1,6,0,2.0,0.0,0.0,0,2.54,,,,,,,,,,,,,,,0.0,0.0,0,0,0,0,0,0,0,0,0,0,0,0,0,0,0,0,0,0,0
91772,David Duarte,14,265,3,5,0,5.2,0.0,3.6,8,1.57,1.0,2.0,,,,,,,,,,,3.04,3.4000000000000004,96.0,104.0,4,1,6,4,0,0,0,0,0,0,1,1,0,0,0,0,0,0,0
87747,Yago Felipe,14,265,4,2,0,5.25,0.0,2.18,6,1.74,,,,,,,,,,,,,,,59.0,66.0,4,0,12,13,0,0,0,0,0,0,1,2,0,0,0,0,0,0,0
100084,Igor Gomes,14,282,4,7,0,5.25,0.03,2.41,9,1.79,,,1.0,1.0,,,,,,,,,3.38,1.2,46.0,79.0,5,0,12,9,0,1,0,0,0,0,1,3,0,0,0,0,0,0,0
93791,Daniel,14,266,4,6,0,2.5,0.0,0.58,5,-1.3,,,,,,,,,,,,,0.9666666666666667,0.0,21.0,17.0,1,0,1,0,0,1,0,0,0,0,0,0,0,0,0,0,0,0,0
90590,Mateus Claus,14,265,1,6,0,1.95,0.0,-1.0,1,2.62,,,,,1.0,2.0,,,,,,,0.0,-1.0,65.0,65.0,0,0,0,0,0,0,0,0,0,0,0,0,0,0,0,0,0,0,0
85004,Marcos Felipe,14,265,1,7,0,6.88,0.51,3.24,13,3.19,,3.0,,,45.0,19.0,,,,,,,2.2857142857142856,4.333333333333333,101.0,102.0,2,0,0,0,0,0,0,0,0,0,0,0,0,0,0,0,0,0,0
90449,Rezende,14,265,4,6,0,6.15,-0.14,2.95,12,-0.08,,,,,,,,1.0,,,,,3.4,2.5,88.0,29.0,10,0,29,12,0,0,0,0,0,0,1,4,0,0,0,0,0,0,0
97899,Matheus Bahia,14,265,2,2,0,3.92,0.0,2.13,3,4.02,,1.0,,,,,,,,,,,,,61.0,9.0,3,0,2,5,0,0,0,0,0,0,1,0,0,0,0,0,0,0,0
98484,Kanu,14,265,3,7,0,5.49,0.66,2.88,12,3.07,,3.0,,1.0,,,,1.0,,,,,2.0599999999999996,3.4571428571428577,102.0,102.0,12,0,16,14,0,1,0,0,0,0,2,3,0,0,0,0,0,0,0
81121,Lucas Mugni,14,265,4,6,0,2.93,0.12,0.78,4,1.05,,,,,,,,,,,,,0.5666666666666667,1.4,28.0,73.0,1,0,2,2,0,0,0,0,0,0,0,1,0,0,0,0,0,0,0
69051,Danilo Fernandes,14,265,1,5,0,4.64,0.0,7.0,1,5.21,,,,,7.0,,,,,,,,-1.0,7.0,38.0,38.0,0,0,0,0,0,0,0,0,0,0,1,0,0,0,0,0,0,0,0
102907,Matheus Teixeira,14,265,1,6,0,2.0,0.0,0.0,0,2.54,,,,,,,,,,,,,,,,,0,0,0,0,0,0,0,0,0,0,0,0,0,0,0,0,0,0,0
101201,Vitor Jacaré,14,265,5,5,0,11.67,0.0,6.0,7,3.09,1.0,,,,,,,,,,,,,,101.0,101.0,9,1,21,15,0,2,0,0,0,0,3,8,0,0,0,0,0,0,0
104783,Acevedo,14,265,4,7,0,4.68,0.04,2.87,12,0.88,,,,,,,,,,,,,3.3499999999999996,2.3833333333333333,76.0,102.0,15,0,24,23,0,3,0,0,0,0,5,8,0,0,0,0,0,0,0
111829,Kayky,14,265,5,7,0,4.09,-1.0,3.96,9,2.04,,,1.0,1.0,,,,,,,,,3.733333333333333,4.4,49.0,96.0,3,2,9,8,0,1,0,0,0,0,2,7,0,0,0,0,0,0,0
107796,Diego Rosa,14,265,4,7,0,2.12,0.0,1.09,7,1.17,,,,,,,,,,,,,1.5,0.775,24.0,21.0,1,0,4,3,0,2,0,0,0,0,0,1,0,0,0,0,0,0,0
116450,André,14,265,2,6,0,2.15,-0.22,0.65,2,0.11,,,,,,,,,,,,,0.0,0.65,59.0,102.0,1,0,2,2,0,0,0,0,0,0,1,0,0,0,0,0,0,0,0
110021,Jhoanner Chávez,14,265,2,6,0,6.15,-0.25,3.07,10,-0.78,,2.0,1.0,2.0,,,,,1.0,,,,3.8,2.5833333333333335,65.0,40.0,4,0,14,15,0,1,0,0,0,0,1,3,0,0,0,0,0,0,0
106704,Carlos Alberto,14,263,5,6,0,4.22,0.31,5.5,3,5.82,,,,,,,,,,,,,8.5,4.0,13.0,10.0,1,2,0,0,0,0,0,0,0,0,0,0,0,0,0,0,0,0,0
105373,Gabriel Xavier,14,265,3,7,0,3.61,-0.91,3.57,6,0.48,,2.0,,,,,,,,,,,4.633333333333333,2.5000000000000004,76.0,102.0,4,0,8,4,0,1,0,0,0,0,1,1,0,0,0,0,0,0,0
106950,Fernando,14,293,2,5,0,4.73,0.0,5.27,6,3.33,,2.0,2.0,,,,,,,,,,5.266666666666667,5.266666666666667,88.0,56.0,2,0,10,4,0,0,0,0,0,0,1,1,0,0,0,0,0,0,0
91664,Adryelson,14,263,3,7,0,7.21,0.14,4.34,14,4.52,,9.0,,,,,,,,,,,5.442857142857143,3.2285714285714286,93.0,98.0,7,0,8,6,0,4,0,0,0,0,2,2,0,0,0,0,0,0,0
73318,Daniel Borges,14,327,2,6,0,5.06,-1.33,3.55,2,0.89,,,,,,,,,,,,,5.9,1.2,33.0,17.0,1,0,5,2,0,1,0,0,0,0,0,0,0,0,0,0,0,0,0
68708,Eduardo,14,263,4,7,0,13.63,1.26,5.2,12,6.72,1.0,,3.0,,,,,,,,,,5.528571428571429,4.74,88.0,83.0,29,3,8,17,0,3,0,0,0,0,3,1,0,0,0,0,0,0,0
78893,Douglas Borges,14,263,1,6,0,3.0,0.0,0.0,0,3.96,,,,,,,,,,,,,,,0.0,0.0,0,0,0,0,0,0,0,0,0,0,0,0,0,0,0,0,0,0,0
86777,Danilo Barbosa,14,263,4,6,0,4.84,-0.25,2.61,7,-0.02,,,,,,,,,,,,,2.15,2.8,60.0,15.0,11,1,5,6,0,0,0,0,0,0,1,2,0,0,0,0,0,0,0
71898,Gabriel Pires,14,263,4,6,0,5.61,0.0,4.57,3,1.88,,,,,,,,,,,,,,,86.0,87.0,2,0,11,7,0,0,0,0,0,0,0,2,0,0,0,0,0,0,0
79113,Víctor Cuesta,14,263,3,7,0,10.53,-0.57,6.39,13,3.15,1.0,9.0,1.0,1.0,,,,,,,,,8.585714285714285,3.8333333333333335,100.0,98.0,7,1,18,9,0,2,0,0,0,0,5,3,0,0,0,0,0,0,0
109199,DG,14,263,2,6,0,2.0,0.0,0.0,0,2.54,,,,,,,,,,,,,,,,,0,0,0,0,0,0,0,0,0,0,0,0,0,0,0,0,0,0,0
87808,Philipe Sampaio,14,263,3,6,0,3.46,-1.12,3.7,5,5.47,,3.0,,1.0,,,,,,,,,4.95,2.15,24.0,29.0,1,0,3,1,0,0,0,0,0,0,1,1,0,0,0,0,0,0,0
74061,Gatito Fernández,14,263,1,6,0,8.0,0.0,0.0,0,11.06,,,,,,,,,,,,,,,0.0,0.0,0,0,0,0,0,0,0,0,0,0,0,0,0,0,0,0,0,0,0
85993,Gustavo Sauer,14,263,5,6,0,2.05,0.0,1.8,3,1.51,,,,1.0,,,1.0,,,,,,-0.7,3.0500000000000003,55.0,52.0,2,0,3,3,0,0,0,0,0,0,0,1,0,0,0,0,0,0,0
70171,Rafael,14,263,2,5,0,6.7,0.0,5.16,9,5.45,,5.0,,,,,,1.0,,,,,5.5,4.9,65.0,30.0,5,0,22,12,0,1,0,0,0,0,2,0,0,0,0,0,0,0,0
108946,Victor Sá,14,263,5,6,0,7.58,0.0,3.9,11,4.13,,,,2.0,,,1.0,,,,,,5.58,2.5,51.0,73.0,8,1,15,11,0,7,0,0,0,0,1,10,0,0,0,0,0,0,0
86799,Rodrigo Pinho,14,294,5,7,0,3.2,0.06,1.72,8,0.36,1.0,,,1.0,,,,,,,,,1.6666666666666667,1.7399999999999998,42.0,63.0,8,0,3,8,0,3,0,0,0,0,2,5,0,0,0,0,0,0,0
93790,Marlon Freitas,14,263,4,7,0,5.98,1.26,2.38,13,6.59,,,1.0,,,,,,,,,,2.1999999999999997,2.5285714285714285,82.0,98.0,2,0,13,9,0,4,0,0,0,0,0,9,0,0,0,0,0,0,0
110962,Kayque,14,263,4,6,0,4.08,0.0,2.25,2,3.69,,,1.0,,,,,,,,,,5.0,-0.5,19.0,14.0,0,0,0,1,0,0,0,0,0,0,1,1,0,0,0,0,0,0,0
100453,Luis Segovia,14,263,3,6,0,2.04,0.0,-0.4,2,-0.55,,,,,,,,,,,,,,,55.0,93.0,1,0,0,1,0,0,0,0,0,0,1,0,0,0,0,0,0,0,0
109114,Matheus Nascimento,14,263,5,6,0,3.72,0.0,2.58,4,0.98,,,,,,,,,,,,,4.6499999999999995,0.5,25.0,13.0,3,1,2,6,0,1,0,0,0,0,1,0,0,0,0,0,0,0,0
94931,Lucas Fernandes,14,263,4,6,0,2.88,0.0,0.99,8,1.19,,,,,,,,,,,,,1.16,0.7000000000000001,48.0,18.0,4,0,2,13,0,3,0,0,0,0,1,6,0,0,0,0,0,0,0
91260,Lucas Perri,14,263,1,7,0,12.5,0.46,6.96,14,6.68,,9.0,,,59.0,7.0,,,,,,,6.857142857142857,7.071428571428571,101.0,98.0,1,0,0,0,0,0,0,0,0,0,0,0,0,0,0,0,0,0,0
109668,Hugo,14,263,2,6,0,6.4,-0.56,7.51,7,2.56,,6.0,,,,,,,,,,,8.1,7.075,93.0,48.0,6,0,19,10,0,0,0,0,0,0,1,1,0,0,0,0,0,0,0
93414,Joel Carli,14,263,3,6,0,3.0,0.0,0.0,0,3.96,,,,,,,,,,,,,,,0.0,0.0,0,0,0,0,0,0,0,0,0,0,0,0,0,0,0,0,0,0,0
110727,Rubens,14,282,2,6,0,12.31,-0.05,6.36,11,5.02,,4.0,,3.0,,,,,,,,,5.8999999999999995,6.9399999999999995,73.0,50.0,8,0,39,18,0,3,0,0,0,0,1,3,0,0,0,0,0,0,0
104079,João Fernando,14,263,1,6,0,2.0,0.0,0.0,0,2.54,,,,,,,,,,,,,,,0.0,0.0,0,0,0,0,0,0,0,0,0,0,0,0,0,0,0,0,0,0,0
107172,Patrick de Paula,14,263,4,5,0,7.0,0.0,0.0,0,9.64,,,,,,,,,,,,,,,0.0,0.0,0,0,0,0,0,0,0,0,0,0,0,0,0,0,0,0,0,0,0
105049,Luis Henrique,14,263,5,7,0,4.9,-0.9,2.32,14,1.39,,,,1.0,,,1.0,,,,,,3.357142857142857,1.2857142857142858,54.0,98.0,2,2,6,2,0,4,0,0,0,0,0,4,0,0,0,0,0,0,0
111713,Lucas Mezenga,14,263,3,6,0,2.0,0.0,0.0,0,2.54,,,,,,,,,,,,,,,0.0,0.0,0,0,0,0,0,0,0,0,0,0,0,0,0,0,0,0,0,0,0
84674,Lucas Evangelista,14,280,4,7,0,8.18,-0.25,5.61,13,1.19,1.0,,4.0,1.0,,,,,,,,,5.471428571428571,5.8,85.0,97.0,32,0,21,12,0,4,0,0,0,0,1,11,0,0,0,0,0,0,0
106083,Breno,14,263,4,6,0,2.32,-0.68,0.9,1,0.69,,,,,,,,,,,,,0.0,0.9,15.0,15.0,0,0,1,1,0,0,0,0,0,0,0,0,0,0,0,0,0,0,0
88423,Aderlan,14,280,2,6,0,9.85,0.0,5.42,9,8.26,,4.0,1.0,,,,,1.0,,,,,5.45,5.333333333333333,69.0,99.0,6,0,21,13,0,0,0,0,0,0,0,3,0,0,0,0,0,0,0
97867,Léo Ortiz,14,280,3,6,0,9.0,0.0,0.0,0,12.48,,,,,,,,,,,,,,,0.0,0.0,0,0,0,0,0,0,0,0,0,0,0,0,0,0,0,0,0,0,0
92496,Raul,14,280,4,5,0,5.0,0.0,0.0,0,6.8,,,,,,,,,,,,,,,0.0,0.0,0,0,0,0,0,0,0,0,0,0,0,0,0,0,0,0,0,0,0
106160,Lucão,14,280,1,6,0,1.74,0.0,0.6,5,4.62,,1.0,,,7.0,8.0,,,,,,,2.0,-1.5,101.0,93.0,0,0,0,0,0,0,0,0,0,0,1,0,0,0,0,0,0,0,0
101715,Alerrandro,14,280,5,6,0,3.32,0.0,2.32,5,0.23,1.0,,,,,,,,,,,,5.85,-0.03333333333333335,34.0,38.0,4,1,0,4,0,0,0,0,0,0,1,1,0,0,0,0,0,0,0
101727,Matheuzinho,14,262,2,6,0,6.0,0.0,0.0,0,8.22,,,,,,,,,,,,,,,0.0,0.0,0,0,0,0,0,0,0,0,0,0,0,0,0,0,0,0,0,0,0
101960,Vitinho,14,280,5,7,0,6.34,-0.87,4.41,10,1.23,,,1.0,2.0,,,,,,,,,6.099999999999999,1.875,79.0,97.0,19,1,8,14,0,9,0,0,0,0,4,12,0,0,0,0,0,0,0
93882,Cleiton,14,280,1,7,0,5.89,-0.14,4.41,9,4.29,,5.0,,,24.0,6.0,,1.0,,,,,3.6166666666666667,3.75,99.0,97.0,0,0,0,1,0,0,0,0,0,0,3,0,0,0,0,0,0,0,0
103695,Jadsom Silva,14,280,4,6,0,2.99,0.78,1.39,13,4.14,,,,1.0,,,,,2.0,,,,0.9625,2.08,57.0,70.0,5,0,20,15,0,2,0,0,0,0,5,1,0,0,0,0,0,0,0
102598,Helinho,14,280,5,5,0,6.02,0.0,4.28,9,2.46,,,,2.0,,,,,,,,,,,57.0,31.0,4,2,9,8,0,8,0,0,0,0,2,6,0,0,0,0,0,0,0
104017,Maycon,14,280,1,6,0,3.0,0.0,0.0,0,3.96,,,,,,,,,,,,,,,0.0,0.0,0,0,0,0,0,0,0,0,0,0,0,0,0,0,0,0,0,0,0
103295,Eric Ramires,14,280,4,7,0,3.54,0.05,2.45,11,2.87,1.0,,2.0,,,,,,,,,,2.6333333333333333,2.2199999999999998,74.0,66.0,7,0,7,14,0,4,0,0,0,0,1,3,0,0,0,0,0,0,0
100846,Lucas Esteves,14,356,2,6,0,3.0,0.0,0.0,0,3.96,,,,,,,,,,,,,,,0.0,0.0,0,0,0,0,0,0,0,0,0,0,0,0,0,0,0,0,0,0,0
107110,Natan,14,280,3,7,0,4.67,0.52,1.7,7,4.46,,1.0,,1.0,,,,,,,,,2.925,0.06666666666666667,92.0,77.0,4,0,5,10,0,1,0,0,0,0,0,1,0,0,0,0,0,0,0
94067,Matheus Fernandes,14,280,4,7,0,12.37,0.4,5.4,13,3.98,,,2.0,,,,,,,,,,4.987500000000001,6.06,81.0,97.0,9,1,41,23,0,3,0,0,0,0,3,6,0,0,0,0,0,0,0
110715,Andrés Hurtado,14,280,2,7,0,5.38,0.47,3.86,8,3.59,,3.0,,,,,,,,,,,6.324999999999999,1.4,82.0,27.0,3,0,13,4,0,0,0,0,0,0,0,0,0,0,0,0,0,0,0
111333,Sorriso,14,280,5,6,0,4.05,0.08,2.8,9,1.13,,,,,,,,,,,,,3.5000000000000004,1.4000000000000001,46.0,70.0,9,1,6,5,0,4,0,0,0,0,1,4,0,0,0,0,0,0,0
107744,Praxedes,14,280,4,6,0,3.54,0.0,-0.1,1,4.74,,,,1.0,,,,,,,,,-0.1,0.0,8.0,8.0,0,0,0,0,0,0,0,0,0,0,0,0,0,0,0,0,0,0,0
106835,Luan Patrick,14,280,3,7,0,5.33,0.33,5.68,6,4.6,,5.0,1.0,,,,,,,,,,6.824999999999999,3.4,89.0,97.0,3,0,4,4,0,0,0,0,0,0,1,0,0,0,0,0,0,0,0
113558,Bruninho,14,280,4,7,0,8.29,-0.96,2.87,7,0.85,,,1.0,1.0,,,,,1.0,,,,2.86,2.9,63.0,31.0,1,1,3,1,0,3,0,0,0,0,0,1,0,0,0,0,0,0,0
113203,Lomónaco,14,280,3,3,0,3.0,0.0,0.0,0,3.96,,,,,,,,,,,,,,,0.0,0.0,0,0,0,0,0,0,0,0,0,0,0,0,0,0,0,0,0,0,0
116994,Popó,14,280,5,6,0,3.0,0.0,0.0,0,3.96,,,,,,,,,,,,,,,0.0,0.0,0,0,0,0,0,0,0,0,0,0,0,0,0,0,0,0,0,0,0
114888,Luciano,14,280,4,6,0,2.0,0.0,0.0,0,2.54,,,,,,,,,,,,,,,0.0,0.0,0,0,0,0,0,0,0,0,0,0,0,0,0,0,0,0,0,0,0
122394,Gustavinho,14,280,4,6,0,2.33,0.0,0.94,8,0.72,,,,,,,,,,,,,1.28,0.3666666666666667,31.0,25.0,4,0,4,3,0,0,0,0,0,0,0,2,0,0,0,0,0,0,0
118175,Nathan Camargo,14,280,4,6,0,1.53,0.0,0.5,1,1.79,,,,,,,,,,,,,0.5,0.0,15.0,15.0,1,0,0,0,0,0,0,0,0,0,0,0,0,0,0,0,0,0,0
110909,Guilherme Lopes,14,280,2,6,0,3.51,0.0,3.42,6,5.83,,3.0,,,,,,,,,,,3.8000000000000003,3.0333333333333337,45.0,93.0,0,0,3,3,0,1,0,0,0,0,0,2,0,0,0,0,0,0,0
122755,Lucas Cunha,14,280,3,6,0,4.0,0.0,0.0,0,5.38,,,,,,,,,,,,,,,0.0,0.0,0,0,0,0,0,0,0,0,0,0,0,0,0,0,0,0,0,0,0
103700,Bruno Méndez,14,264,3,6,0,3.39,1.18,1.76,9,4.95,,2.0,,,,,,,,,,,1.2666666666666668,2.0,76.0,98.0,0,0,7,8,0,0,0,0,0,0,1,1,0,0,0,0,0,0,0
117314,Thiago Borbas,14,280,5,6,0,5.85,-0.51,3.65,11,0.27,,,,1.0,,,,,,,,,1.9000000000000001,5.74,36.0,31.0,5,4,2,15,0,5,0,0,0,0,3,6,0,0,0,0,0,0,0
51548,Giuliano,14,264,4,6,0,2.41,-0.56,0.71,10,0.02,,,,,,,,,,,,,0.5333333333333333,0.7857142857142857,38.0,5.0,4,0,5,5,0,0,0,0,0,0,1,2,0,0,0,0,0,0,0
104588,Fabrício,14,280,1,6,0,1.0,0.0,0.0,0,1.12,,,,,,,,,,,,,,,0.0,0.0,0,0,0,0,0,0,0,0,0,0,0,0,0,0,0,0,0,0,0
107950,Fausto Vera,14,264,4,6,0,7.74,-0.4,3.19,10,3.0,,,2.0,,,,,,,,,,3.3200000000000003,3.06,82.0,93.0,6,0,17,13,0,2,0,0,0,0,4,5,0,0,0,0,0,0,0
69034,Paulinho,14,264,4,5,0,4.5,0.0,2.1,4,2.7,,,,,,,,,,,,,,,44.0,100.0,2,0,6,2,0,0,0,0,0,0,0,1,0,0,0,0,0,0,0
88323,Ángel Romero,14,264,5,6,0,2.97,0.0,0.63,3,-1.49,,,,,,,,,,,,,,,28.0,7.0,2,0,1,1,0,0,0,0,0,0,0,0,0,0,0,0,0,0,0
38229,Fábio Santos,14,264,2,6,0,4.5,1.04,1.89,8,4.74,,2.0,,,,,,,,,,,0.9,2.216666666666667,64.0,98.0,13,0,6,8,1,0,0,0,0,0,3,1,0,0,0,0,0,0,0
85315,Cantillo,14,264,4,6,0,8.32,0.0,8.9,1,10.14,,,,,,,,,,,,,,,53.0,53.0,1,0,6,0,0,1,0,0,0,0,0,0,0,0,0,0,0,0,0
68923,Gil,14,264,3,6,0,5.49,0.94,2.39,13,4.46,,3.0,,,,,,,,,,,2.5666666666666664,2.2285714285714286,99.0,98.0,3,0,13,13,0,3,0,0,0,0,4,4,0,0,0,0,0,0,0
97450,Gustavo Mosquito,14,264,5,5,0,5.0,0.0,0.0,0,6.8,,,,,,,,,,,,,,,0.0,0.0,0,0,0,0,0,0,0,0,0,0,0,0,0,0,0,0,0,0,0
42500,Fagner,14,264,2,6,0,8.88,0.78,4.43,12,5.51,1.0,3.0,1.0,,,,,,,,,,4.766666666666667,4.083333333333333,74.0,98.0,19,0,20,6,0,0,0,0,0,0,4,3,0,0,0,0,0,0,0
103575,Caetano,14,264,3,6,0,2.61,0.0,2.78,4,-0.93,,1.0,,,,,,,1.0,,,,0.0,3.6999999999999997,86.0,51.0,6,0,3,1,0,0,0,0,0,0,0,1,0,0,0,0,0,0,0
94154,Maycon,14,264,4,6,0,4.45,0.07,1.96,12,2.31,,,,2.0,,,,,,,,,2.6,1.6375000000000002,74.0,13.0,3,0,16,8,0,2,0,0,0,0,1,5,0,0,0,0,0,0,0
93236,Rafael Ramos,14,264,2,6,0,4.0,0.0,0.0,0,5.38,,,,,,,,,,,,,,,0.0,0.0,0,0,0,0,0,0,0,0,0,0,0,0,0,0,0,0,0,0,0
83257,Gabriel,14,262,5,7,0,14.23,0.0,5.66,10,7.0,1.0,,1.0,3.0,,,,,,,,,5.45,5.975,88.0,50.0,10,4,3,3,1,9,0,0,0,0,4,8,0,0,0,0,0,0,0
105531,Matheus Bidu,14,264,2,6,0,5.92,0.0,3.53,10,1.59,,2.0,,,,,,,,,,,3.466666666666667,3.625,81.0,48.0,16,0,11,9,0,4,0,0,0,0,2,5,0,0,0,0,0,0,0
104084,Carlos Miguel,14,264,1,6,0,2.0,0.0,0.0,0,2.54,,,,,,,,,,,,,,,0.0,0.0,0,0,0,0,0,0,0,0,0,0,0,0,0,0,0,0,0,0,0
105585,Roni,14,264,4,6,0,2.55,0.0,1.53,10,1.57,,,,,,,,,,,,,1.52,1.5399999999999998,68.0,31.0,4,0,14,15,0,1,0,0,0,0,1,1,0,0,0,0,0,0,0
107179,Matheus Donelli,14,264,1,6,0,2.0,0.0,0.0,0,2.54,,,,,,,,,,,,,,,0.0,0.0,0,0,0,0,0,0,0,0,0,0,0,0,0,0,0,0,0,0,0
86410,Victor Luis,14,294,2,6,0,4.22,1.11,2.21,8,7.06,,1.0,,,,,,,,,1.0,,4.449999999999999,-0.02500000000000005,61.0,25.0,7,1,6,6,0,0,0,0,0,0,2,1,0,0,0,0,0,0,0
50856,Henrique,14,294,3,3,0,2.56,-0.1,0.84,9,-0.28,,1.0,,,,,,,,,,,1.15,0.58,90.0,101.0,2,0,5,9,0,1,0,0,0,0,3,0,0,0,0,0,0,0,0
63058,Willian Farias,14,294,4,6,0,3.8,0.0,2.43,3,3.08,,,,,,,,,,,,,,,75.0,103.0,4,0,6,3,0,0,0,0,0,0,1,0,0,0,0,0,0,0,0
113687,Du Queiroz,14,264,4,6,0,2.14,0.0,0.03,3,1.08,,,,,,,,,,,,,,,65.0,89.0,1,0,2,6,0,0,0,0,0,0,1,0,0,0,0,0,0,0,0
79631,Cano,14,266,5,7,0,15.18,1.74,4.41,14,7.67,2.0,,,8.0,,,,,,,,,4.542857142857143,4.2857142857142865,82.0,100.0,5,4,11,13,1,7,0,0,0,0,2,13,0,0,0,0,0,0,0
117849,Giovane,14,264,5,6,0,2.44,0.0,1.2,1,2.98,,,,,,,,,,,,,,,28.0,28.0,0,0,1,0,0,0,0,0,0,0,0,0,0,0,0,0,0,0,0
69318,Luis Suárez,14,284,5,6,0,16.18,1.25,8.99,12,6.76,5.0,,3.0,11.0,,,,,,,,,11.4125,4.125,93.0,92.0,28,4,8,13,1,15,0,0,0,0,2,19,0,0,0,0,0,0,0
92291,Bruno Viana,14,294,3,6,0,2.78,0.0,1.11,10,2.39,,,,,,,,,,,,,1.4599999999999997,0.76,90.0,98.0,1,0,13,12,0,0,0,0,0,0,3,2,0,0,0,0,0,0,0
86841,Boschilia,14,294,4,5,0,5.85,-0.15,3.17,11,0.6,,,1.0,,,,,,,,,,2.5599999999999996,3.683333333333333,42.0,69.0,7,1,8,6,0,5,0,0,0,0,1,7,0,0,0,0,0,0,0
93787,Andrey,14,294,4,6,0,3.36,0.0,1.08,8,1.92,,,,,,,,,1.0,,,,1.5499999999999998,0.625,50.0,103.0,5,0,6,10,0,3,0,0,0,0,3,3,0,0,0,0,0,0,0
70449,Gabriel,14,294,1,7,0,5.47,0.0,2.5,12,6.98,,1.0,1.0,,48.0,25.0,,,,,,,3.4,1.8571428571428572,100.0,103.0,0,0,0,0,0,0,0,0,0,0,3,0,0,0,0,0,0,0,0
88916,Luan Polli,14,294,1,6,0,2.75,0.11,1.25,2,0.03,,,,,7.0,3.0,,,,,,,1.75,-1.0,101.0,101.0,1,0,0,0,0,0,0,0,0,0,2,0,0,0,0,0,0,0,0
107554,Natanael,14,294,2,7,0,9.59,0.32,4.81,11,3.32,1.0,1.0,,2.0,,,,,1.0,,,,6.800000000000001,2.4000000000000004,94.0,101.0,14,0,33,24,0,6,0,0,0,0,3,3,0,0,0,0,0,0,0
84817,Robson,14,294,5,7,0,9.33,2.83,5.88,12,11.58,,,1.0,3.0,,,,,,,,,6.757142857142858,4.66,79.0,101.0,17,4,22,26,0,5,0,0,0,0,4,6,0,0,0,0,0,0,0
86686,Tchê Tchê,14,263,4,7,0,7.77,0.31,2.46,14,1.46,,,1.0,,,,,,,,,,2.1,2.8285714285714283,70.0,83.0,15,1,11,20,0,4,0,0,0,0,2,5,0,0,0,0,0,0,0
106202,Bruno Gomes,14,294,4,7,0,9.11,-0.25,3.94,13,0.83,1.0,,,,,,,1.0,,,,,4.6571428571428575,3.0999999999999996,86.0,101.0,23,1,23,21,0,5,0,0,0,0,2,8,0,0,0,0,0,0,0
100761,Liziero,14,294,4,6,0,4.0,0.0,2.21,8,-1.23,,,,,,,,,,,,,1.0499999999999998,3.375,74.0,8.0,5,0,16,10,0,0,0,0,0,0,1,0,0,0,0,0,0,0,0
88857,Marcelino Moreno,14,294,4,7,0,6.04,-0.64,5.15,10,4.11,,,2.0,1.0,,,,,,,,,3.9200000000000004,6.38,65.0,75.0,23,1,11,3,0,7,0,0,0,0,1,3,0,0,0,0,0,0,0
104153,Ruan,14,264,4,6,0,3.87,0.11,6.56,5,3.8,,,1.0,,,,,,,,,,6.9,6.333333333333333,64.0,66.0,4,2,8,8,0,1,0,0,0,0,1,3,0,0,0,0,0,0,0
112367,Thalisson Gabriel,14,294,3,6,0,1.0,0.0,0.0,0,1.12,,,,,,,,,,,,,,,,,0,0,0,0,0,0,0,0,0,0,0,0,0,0,0,0,0,0,0
110775,Marcão,14,294,1,6,0,2.0,0.0,0.0,0,2.54,,,,,,,,,,,,,,,0.0,0.0,0,0,0,0,0,0,0,0,0,0,0,0,0,0,0,0,0,0,0
78715,Ramiro,14,283,4,5,0,5.62,0.0,3.8,6,0.84,,,1.0,,,,,,,,,,,,73.0,66.0,0,1,9,8,0,1,0,0,0,0,3,4,0,0,0,0,0,0,0
89275,William,14,283,2,3,0,10.41,0.26,5.15,14,6.08,,6.0,1.0,,,,,,,,,,3.8999999999999995,6.414285714285714,92.0,103.0,22,0,25,16,0,0,0,0,0,0,3,5,0,0,0,0,0,0,0
83786,Neris,14,283,3,7,0,4.61,0.0,5.3,5,4.48,,4.0,,,,,,,,,,,2.95,6.866666666666667,74.0,103.0,1,0,7,8,0,1,0,0,0,0,2,1,0,0,0,0,0,0,0
94514,Oliveira,14,283,3,7,0,7.92,0.0,3.14,11,2.03,,4.0,,,,,,2.0,,,,,2.1166666666666667,4.359999999999999,102.0,107.0,10,1,9,7,0,0,0,0,0,0,2,1,0,0,0,0,0,0,0
91689,Matheus Jussa,14,283,4,7,0,1.56,-0.42,-0.04,7,-0.4,,,,,,,,,,,,,-0.39999999999999997,0.18000000000000005,62.0,103.0,2,0,3,13,0,1,0,0,0,0,3,1,0,0,0,0,0,0,0
118844,Kaio César,14,294,5,7,0,3.45,-0.26,1.43,12,0.13,,,,4.0,,,,,,,,,1.1857142857142855,1.78,34.0,26.0,28,0,5,12,0,2,0,0,0,0,2,1,0,0,0,0,0,0,0
92811,Bruno Rodrigues,14,283,5,7,0,12.35,-0.29,6.15,14,0.71,1.0,,2.0,10.0,,,1.0,,,,,,4.499999999999999,7.800000000000002,102.0,103.0,28,3,12,13,1,12,0,0,0,0,1,19,0,0,0,0,0,0,0
96089,Machado,14,283,4,7,0,7.58,1.69,3.69,14,6.74,,,3.0,,,,,,,,,,3.114285714285714,4.271428571428571,72.0,103.0,8,1,15,13,0,7,0,0,0,0,1,4,0,0,0,0,0,0,0
87742,Neto Moura,14,283,4,6,0,2.38,-0.14,0.84,12,-0.43,,,,1.0,,,,,,,,,0.5142857142857143,1.0833333333333335,45.0,27.0,1,0,8,11,0,1,0,0,0,0,1,4,0,0,0,0,0,0,0
101405,Wallisson,14,283,4,6,0,3.43,0.0,2.42,8,2.13,,,,,,,,,,,,,1.94,3.233333333333333,44.0,36.0,8,0,13,12,0,2,0,0,0,0,3,5,0,0,0,0,0,0,0
97768,Reynaldo,14,283,3,6,0,4.14,0.0,4.7,2,4.38,,2.0,,,,,,,,,,,4.4,5.0,38.0,61.0,0,0,0,2,0,0,0,0,0,0,0,0,0,0,0,0,0,0,0
93108,Mateus Vital,14,283,4,7,0,6.11,-0.45,2.86,12,-0.35,,,1.0,1.0,,,,,,,,,3.2999999999999994,2.4166666666666665,89.0,87.0,14,0,9,8,0,7,0,0,0,0,0,7,0,0,0,0,0,0,0
105811,Wesley,14,283,5,7,0,7.56,-0.44,4.9,12,1.39,,,,1.0,,,,,,,,,5.516666666666666,4.283333333333333,78.0,76.0,18,3,16,23,0,7,0,0,0,0,2,9,0,0,0,0,0,0,0
107800,Fernando Henrique,14,283,4,6,0,3.0,0.0,0.0,0,3.96,,,,,,,,,,,,,,,0.0,0.0,0,0,0,0,0,0,0,0,0,0,0,0,0,0,0,0,0,0,0
102906,Anderson,14,283,1,6,0,3.0,0.0,0.0,0,3.96,,,,,,,,,,,,,,,0.0,0.0,0,0,0,0,0,0,0,0,0,0,0,0,0,0,0,0,0,0,0
103576,Rafael Bilu,14,283,5,5,0,2.83,0.0,2.08,4,1.89,,,,1.0,,,,,,,,,,,27.0,8.0,3,0,4,1,0,0,0,0,0,0,0,3,0,0,0,0,0,0,0
107052,Stênio,14,283,5,2,0,2.4,0.34,0.88,9,1.55,,,,1.0,,,,,,,,,0.775,0.9800000000000001,36.0,67.0,1,0,3,8,0,4,0,0,0,0,0,2,0,0,0,0,0,0,0
106327,Wesley Gasolina,14,283,2,6,0,3.0,0.0,0.0,0,3.96,,,,,,,,,,,,,,,0.0,0.0,0,0,0,0,0,0,0,0,0,0,0,0,0,0,0,0,0,0,0
109412,Ian Luccas,14,283,4,6,0,3.09,0.0,1.2,1,3.9,,,,,,,,,,,,,1.2,0.0,10.0,10.0,0,0,1,0,0,0,0,0,0,0,0,0,0,0,0,0,0,0,0
112709,Kaiki,14,283,2,6,0,3.21,0.21,5.7,1,4.18,,1.0,,,,,,,,,,,0.0,5.7,50.0,50.0,1,0,2,4,0,0,0,0,0,0,1,0,0,0,0,0,0,0,0
116012,Matheus Gonçalves,14,262,4,6,0,2.69,0.0,0.75,2,-1.29,,,,,,,,,,,,,,,13.0,15.0,2,0,0,1,0,0,0,0,0,0,0,1,0,0,0,0,0,0,0
51413,Walter,14,1371,1,7,0,5.56,-0.62,2.71,14,1.37,,3.0,,,41.0,17.0,,,1.0,,,,1.4285714285714286,4.0,102.0,102.0,2,0,0,0,0,0,0,0,0,0,1,0,0,0,0,0,0,0,0
112984,Werton,14,262,5,6,0,2.0,0.0,0.0,0,2.54,,,,,,,,,,,,,,,0.0,0.0,0,0,0,0,0,0,0,0,0,0,0,0,0,0,0,0,0,0,0
116013,Igor Jesus,14,262,4,6,0,2.52,0.0,1.9,1,2.98,,,,,,,,,,,,,,,27.0,27.0,2,0,1,1,0,0,0,0,0,0,0,0,0,0,0,0,0,0,0
60852,Uendel,14,1371,2,6,0,2.87,-1.13,0.0,1,0.04,,,,,,,,,,,,,0.0,0.0,29.0,29.0,0,0,0,0,0,0,0,0,0,0,0,0,0,0,0,0,0,0,0
78580,Jonathan Cafu,14,1371,5,7,0,6.68,0.13,2.82,13,2.34,,,2.0,3.0,,,1.0,,,,,,3.0142857142857147,2.5833333333333335,68.0,73.0,20,0,13,11,0,2,0,0,0,0,2,4,0,0,0,0,0,0,0
69010,João Carlos,14,1371,1,6,0,3.0,0.0,0.0,0,3.96,,,,,,,,,,,,,,,0.0,0.0,0,0,0,0,0,0,0,0,0,0,0,0,0,0,0,0,0,0,0
70666,Marllon,14,1371,3,7,0,6.65,-1.06,3.3,13,-0.32,,3.0,1.0,,,,,,1.0,,,,3.957142857142857,2.5166666666666666,102.0,102.0,7,1,13,9,0,0,0,0,0,0,3,3,0,0,0,0,0,0,0
68895,Wellington Silva,14,1371,5,6,0,3.76,0.0,1.69,12,1.99,,,,2.0,,,,,,,,,1.4166666666666667,1.9333333333333336,59.0,19.0,15,0,9,6,0,2,0,0,0,0,1,3,0,0,0,0,0,0,0
84428,Fernando Sobral,14,1371,4,7,0,7.18,-0.38,5.44,10,0.95,,,1.0,,,,,,,,,,6.3500000000000005,4.833333333333333,73.0,38.0,17,1,24,15,0,5,0,0,0,0,3,7,0,0,0,0,0,0,0
100969,Ronald Lopes,14,1371,4,3,0,4.01,-0.22,2.13,12,-0.74,,,,,,,,,,,,,1.5714285714285716,2.4166666666666665,34.0,20.0,8,1,12,5,0,1,0,0,0,0,3,3,0,0,0,0,0,0,0
89695,Iury Castilho,14,1371,5,7,0,3.6,0.23,2.27,8,3.05,,,,5.0,,,,,,,,,2.28,2.233333333333333,51.0,64.0,8,0,7,6,0,4,0,0,0,0,0,4,0,0,0,0,0,0,0
103347,Matheus Alexandre,14,1371,2,7,0,5.78,-0.8,4.15,12,-0.33,,3.0,,,,,,,,,,,2.5500000000000003,5.75,88.0,102.0,3,0,30,11,0,1,0,0,0,0,3,3,0,0,0,0,0,0,0
111879,Mateusinho,14,1371,2,3,0,6.42,0.0,5.1,5,2.48,,,,,,,,,,,,,,,100.0,100.0,10,1,13,7,0,1,0,0,0,0,3,1,0,0,0,0,0,0,0
72762,Ceppelini,14,1371,4,7,0,4.13,-1.07,2.16,13,1.56,,,2.0,1.0,,,,,,,,,2.742857142857143,1.4666666666666668,50.0,102.0,10,0,5,7,0,6,0,0,0,0,2,5,0,0,0,0,0,0,0
88033,Alan Empereur,14,1371,3,7,0,3.59,-1.04,1.96,11,-2.22,,2.0,1.0,,,,,,,,1.0,,0.23999999999999985,3.4000000000000004,102.0,102.0,6,0,5,4,0,2,0,0,0,0,3,3,0,0,0,0,0,0,0
107039,Ricardo Cerqueira,14,1371,4,6,0,1.51,0.0,0.5,1,1.76,,,,,,,,,,,,,,,15.0,15.0,1,0,0,0,0,0,0,0,0,0,0,0,0,0,0,0,0,0,0
37656,Fábio,14,266,1,7,0,12.76,0.55,4.61,14,3.51,,5.0,,,55.0,14.0,,,,,,,3.857142857142857,5.357142857142857,101.0,100.0,1,0,0,0,0,0,0,0,0,0,2,0,0,0,0,0,0,0,0
38545,Felipe Melo,14,266,4,7,0,2.76,0.08,1.08,9,0.01,,,,,,,,,,,,,1.7,0.3,62.0,69.0,3,1,5,6,0,0,0,0,0,0,4,0,0,0,0,0,0,0,0
114893,Peruchi,14,1371,1,6,0,1.0,0.0,0.0,0,1.12,,,,,,,,,,,,,,,0.0,0.0,0,0,0,0,0,0,0,0,0,0,0,0,0,0,0,0,0,0,0
105547,Rikelme,14,1371,5,7,0,3.89,-1.1,6.19,8,1.63,,,1.0,3.0,,,,,,,,,6.05,6.325,89.0,73.0,3,1,31,9,0,0,0,0,0,0,0,1,0,0,0,0,0,0,0
115986,Denilson,14,1371,4,7,0,4.44,-0.89,3.65,11,2.04,,,,,,,,,,,,,4.816666666666666,2.2600000000000002,72.0,64.0,16,1,19,16,0,6,0,0,0,0,5,5,0,0,0,0,0,0,0
111949,Quagliata,14,1371,5,6,0,2.5,0.0,0.74,9,-0.94,,,,1.0,,,,,,,,,0.7333333333333334,0.7333333333333334,33.0,38.0,3,0,4,4,0,0,0,0,0,0,0,2,0,0,0,0,0,0,0
50317,David Braz,14,266,3,6,0,5.99,0.35,2.92,8,3.41,,4.0,,,,,,,,,,,2.9,2.966666666666667,42.0,31.0,2,0,3,6,0,0,0,0,0,0,1,2,0,0,0,0,0,0,0
79268,Filipe Augusto,14,1371,4,6,0,1.84,0.0,1.28,8,0.71,,,,,,,,1.0,,,,,0.07500000000000001,2.475,69.0,12.0,8,0,11,10,0,0,0,0,0,0,1,0,0,0,0,0,0,0,0
42116,Willian,14,293,5,6,0,4.85,-0.18,2.47,7,0.37,,,,,,,,,,,,,4.0,1.86,27.0,38.0,0,2,0,1,0,0,0,0,0,0,0,2,0,0,0,0,0,0,0
62969,Alan,14,266,5,6,0,5.29,0.0,8.0,1,5.98,,,,,,,,,,,,,,,49.0,49.0,0,1,0,0,0,0,0,0,0,0,0,0,0,0,0,0,0,0,0
88065,Jorge,14,266,2,5,0,4.0,0.0,0.0,0,5.38,,,,,,,,,,,,,,,0.0,0.0,0,0,0,0,0,0,0,0,0,0,0,0,0,0,0,0,0,0,0
101319,Guga,14,266,2,6,0,7.97,0.0,3.71,12,-1.9,1.0,3.0,1.0,,,,,,,,1.0,,1.6,5.214285714285714,74.0,16.0,14,0,17,9,0,0,0,0,0,0,1,1,0,0,0,0,0,0,0
107498,André,14,266,4,7,0,9.56,0.39,3.47,11,3.57,,,,,,,,1.0,,,,,3.5200000000000005,3.4499999999999997,101.0,100.0,27,0,26,16,0,1,0,0,0,0,3,4,0,0,0,0,0,0,0
69014,Manoel,14,266,3,3,0,5.19,0.0,1.97,6,1.25,,2.0,,,,,,,1.0,,,,2.5,1.7,56.0,99.0,1,0,3,1,0,0,0,0,0,0,1,0,0,0,0,0,0,0,0
107173,Michel Araújo,14,276,4,7,0,6.9,0.35,3.11,10,4.46,,,1.0,,,,,,,,,,2.32,3.9199999999999995,57.0,65.0,16,1,7,8,0,1,0,0,0,0,1,5,0,0,0,0,0,0,0
73384,Samuel Xavier,14,266,2,7,0,11.49,1.6,5.02,10,8.05,,3.0,2.0,2.0,,,,,,,,,5.316666666666666,4.55,91.0,100.0,9,1,10,8,0,2,0,0,0,0,4,6,0,0,0,0,0,0,0
101717,Marrony,14,266,5,6,0,5.0,0.0,0.0,0,6.8,,,,,,,,,,,,,,,0.0,0.0,0,0,0,0,0,0,0,0,0,0,0,0,0,0,0,0,0,0,0
86485,Keno,14,266,5,3,0,3.57,0.2,2.48,8,3.04,,,1.0,2.0,,,,,,,,,3.9749999999999996,0.9749999999999999,64.0,100.0,8,0,9,8,0,4,0,0,0,0,3,1,0,0,0,0,0,0,0
118774,Alexsander,14,266,2,5,0,10.06,0.0,5.34,5,1.53,,3.0,1.0,1.0,,,,,,,,,,,91.0,107.0,2,0,6,10,0,0,0,0,0,0,0,2,0,0,0,0,0,0,0
110607,Gabriel Pirani,14,266,4,6,0,4.83,0.0,2.66,9,1.37,1.0,,,,,,,,1.0,,,,4.025,1.58,49.0,65.0,9,1,5,5,0,3,0,0,0,0,1,3,0,0,0,0,0,0,0
109573,Martinelli,14,266,4,7,0,6.17,1.57,2.79,8,7.7,,,,1.0,,,,,,,,,3.45,2.125,78.0,100.0,11,1,9,9,0,0,0,0,0,0,0,1,0,0,0,0,0,0,0
101002,Júnior Santos,14,263,5,7,0,7.05,-0.13,3.19,14,1.14,,,,2.0,,,1.0,,,,,,3.871428571428571,2.514285714285714,73.0,48.0,11,2,12,20,0,5,0,0,0,0,0,10,0,0,0,0,0,0,0
79188,Silvio Romero,14,356,5,6,0,4.88,0.0,2.49,9,0.39,,,1.0,4.0,,,,,,,,,2.3249999999999997,2.62,34.0,14.0,3,2,1,5,0,0,0,0,0,0,1,2,0,0,0,0,0,0,0
121985,Giovanni Manson,14,266,4,6,0,1.9,0.0,-0.3,2,1.42,,,,,,,,,,,,,,,16.0,13.0,2,0,0,2,0,0,0,0,0,0,1,0,0,0,0,0,0,0,0
50353,Titi,14,356,3,7,0,8.81,0.13,5.51,12,4.53,,7.0,1.0,,,,,,1.0,,,,5.6,5.380000000000001,101.0,102.0,10,0,22,11,0,1,0,0,0,0,3,1,0,0,0,0,0,0,0
88597,Lucas Crispim,14,356,4,6,0,3.73,0.0,0.95,4,1.21,,,,,,,,,,,,,0.6,1.2999999999999998,48.0,5.0,1,0,2,1,0,1,0,0,0,0,0,0,0,0,0,0,0,0,0
90302,Pedro Rocha,14,356,5,5,0,5.0,0.0,0.0,0,6.8,,,,,,,,,,,,,,,0.0,0.0,0,0,0,0,0,0,0,0,0,0,0,0,0,0,0,0,0,0,0
84523,Romarinho,14,356,5,6,0,2.72,0.0,0.84,8,-1.35,,,,,,,,,,,,,0.25,1.0333333333333334,38.0,5.0,6,0,0,1,0,2,0,0,0,0,0,2,0,0,0,0,0,0,0
81881,João Ricardo,14,356,1,7,0,8.22,1.23,5.67,9,4.98,,5.0,,,26.0,7.0,,,,1.0,,,5.5,5.8,101.0,102.0,2,0,0,0,0,0,0,0,0,0,1,0,0,0,0,0,0,0,0
86859,José Welison,14,356,4,7,0,3.0,0.18,0.83,7,2.15,,,,1.0,,,,,,,,,1.075,0.5,41.0,68.0,6,0,5,9,0,0,0,0,0,0,2,2,0,0,0,0,0,0,0
94207,Guilherme,14,356,5,6,0,5.76,-0.18,2.64,10,-0.03,1.0,,1.0,3.0,,,,,,,,,1.5285714285714285,5.2,44.0,72.0,12,0,5,6,0,6,0,0,0,0,2,4,0,0,0,0,0,0,0
95638,Marcelo Benevenuto,14,356,3,7,0,6.09,1.32,2.17,3,5.27,,1.0,,1.0,,,,,,,,,3.4,-0.3,100.0,102.0,4,0,0,4,0,0,0,0,0,0,0,1,0,0,0,0,0,0,0
108422,Erison,14,276,5,6,0,6.0,0.0,0.0,0,8.22,,,,,,,,,,,,,,,0.0,0.0,0,0,0,0,0,0,0,0,0,0,0,0,0,0,0,0,0,0,0
97133,Dudu,14,356,2,6,0,4.75,0.0,4.45,2,0.85,,1.0,,,,,,,,,,,0.0,4.45,64.0,26.0,0,0,3,3,0,1,0,0,0,0,0,0,0,0,0,0,0,0,0
106323,Caio Alexandre,14,356,4,7,0,9.3,1.08,3.9,14,4.54,,,2.0,3.0,,,,,,,,,2.6571428571428575,5.142857142857143,91.0,102.0,13,1,29,24,0,2,0,0,0,0,2,3,0,0,0,0,0,0,0
101995,Brítez,14,356,3,7,0,9.79,1.23,4.67,12,7.01,,6.0,1.0,2.0,,,,1.0,,,,,5.383333333333333,3.9499999999999997,101.0,102.0,10,0,18,12,0,1,0,0,0,0,4,5,0,0,0,0,0,0,0
116447,Hércules,14,356,4,5,0,6.61,0.0,3.09,13,0.56,,,,2.0,,,,,,,,,4.216666666666666,2.1285714285714286,68.0,34.0,7,1,20,15,0,4,0,0,0,0,1,7,0,0,0,0,0,0,0
109461,Calebe,14,356,4,6,0,6.67,0.16,3.11,14,1.8,1.0,,1.0,2.0,,,,,,,,,3.042857142857143,3.185714285714286,65.0,80.0,31,0,8,7,0,7,0,0,0,0,2,8,0,0,0,0,0,0,0
99267,Pochettino,14,356,4,7,0,7.39,0.02,3.87,14,3.08,,,,1.0,,,,,,,,,3.8000000000000003,3.928571428571428,53.0,22.0,11,2,17,7,0,6,0,0,0,0,0,9,0,0,0,0,0,0,0
109347,Kennedy,14,356,1,6,0,2.0,0.0,0.0,0,2.54,,,,,,,,,,,,,,,,,0,0,0,0,0,0,0,0,0,0,0,0,0,0,0,0,0,0,0
122598,Amorim,14,356,4,6,0,2.0,0.0,0.0,0,2.54,,,,,,,,,,,,,,,0.0,0.0,0,0,0,0,0,0,0,0,0,0,0,0,0,0,0,0,0,0,0
105568,Lucero,14,356,5,7,0,5.21,-0.11,2.46,10,1.78,,,,4.0,,,1.0,,,,,,1.8,3.1,77.0,78.0,9,1,4,6,0,3,0,0,0,0,0,6,0,0,0,0,0,0,0
109341,Sammuel,14,356,4,5,0,3.0,0.0,0.0,0,3.96,,,,,,,,,,,,,,,0.0,0.0,0,0,0,0,0,0,0,0,0,0,0,0,0,0,0,0,0,0,0
68917,Vinicius,14,290,5,6,0,7.3,0.0,3.58,6,2.3,,,,2.0,,,,,,,,,,,83.0,58.0,7,0,9,4,0,4,0,0,0,0,1,6,0,0,0,0,0,0,0
122300,Ryan,14,265,2,7,0,2.83,-0.13,3.05,7,0.33,,1.0,2.0,1.0,,,,,,,,,4.0,1.7666666666666666,83.0,62.0,2,0,8,8,0,1,0,0,0,0,3,0,0,0,0,0,0,0,0
116690,Everton,14,265,5,6,0,2.0,0.0,0.0,0,2.54,,,,,,,,,,,,,,,0.0,0.0,0,0,0,0,0,0,0,0,0,0,0,0,0,0,0,0,0,0,0
51042,Apodi,14,290,2,6,0,5.29,0.0,2.46,9,2.16,,1.0,,5.0,,,1.0,,,,,,3.3199999999999994,1.375,38.0,31.0,2,1,3,6,0,5,0,0,0,0,1,1,0,0,0,0,0,0,0
72532,Maguinho,14,290,2,7,0,3.31,-0.02,2.61,12,0.6,,1.0,,,,,1.0,1.0,,,,,2.15,2.8499999999999996,94.0,111.0,14,2,13,36,0,0,0,0,0,0,5,7,0,0,0,0,0,0,0
82730,Marcelo Rangel,14,290,1,6,0,2.34,0.0,0.0,3,-1.12,,,,,8.0,8.0,,,,,,,,,101.0,108.0,0,0,0,0,0,0,0,0,0,0,0,0,0,0,0,0,0,0,0
84339,Bruno Melo,14,290,3,7,0,4.95,-0.13,3.01,13,0.2,,1.0,1.0,2.0,,,,,1.0,,,,2.5166666666666666,3.428571428571428,101.0,111.0,10,2,7,7,0,2,0,0,0,0,5,7,0,0,0,0,0,0,0
81952,Willian Oliveira,14,290,4,2,0,3.27,0.44,2.11,10,3.55,1.0,,,,,,,,,,,,1.9999999999999998,2.183333333333333,74.0,76.0,15,0,14,20,0,1,0,0,0,0,3,2,0,0,0,0,0,0,0
69189,Sidimar,14,290,3,6,0,2.61,0.0,1.45,6,4.64,,1.0,,,,,,,,,1.0,,0.36666666666666664,2.533333333333333,61.0,7.0,5,0,3,4,0,1,0,0,0,0,1,2,0,0,0,0,0,0,0
91254,Carballo,14,284,4,6,0,4.1,0.33,1.51,7,2.12,,,,,,,,,,,,,2.475,0.23333333333333336,87.0,74.0,3,0,6,5,0,1,0,0,0,0,1,4,0,0,0,0,0,0,0
90540,Diego Gonçalves,14,290,5,6,0,2.18,-0.28,1.33,8,1.11,,,,1.0,,,,,,,,,0.6,1.5833333333333333,43.0,84.0,9,0,3,7,0,2,0,0,0,0,0,3,0,0,0,0,0,0,0
91733,Felipe,14,290,4,6,0,4.0,0.0,0.0,0,5.38,,,,,,,,,,,,,,,0.0,0.0,0,0,0,0,0,0,0,0,0,0,0,0,0,0,0,0,0,0,0
97321,Alesson,14,290,5,6,0,2.87,0.07,1.67,10,0.07,,,,7.0,,,,,,,,,2.12,1.1999999999999997,40.0,27.0,5,1,6,4,0,1,0,0,0,0,2,2,0,0,0,0,0,0,0
101684,Philippe Costa,14,290,5,6,0,1.55,0.0,0.53,4,1.81,,,,1.0,,,,,,,,,1.1,-0.05,33.0,53.0,1,0,0,1,0,1,0,0,0,0,0,1,0,0,0,0,0,0,0
91712,Matheus Alves,14,290,1,6,0,2.0,0.0,0.0,0,2.54,,,,,,,,,,,,,,,0.0,0.0,0,0,0,0,0,0,0,0,0,0,0,0,0,0,0,0,0,0,0
102911,Zé Ricardo,14,290,4,7,0,7.15,-0.08,5.01,13,2.18,1.0,,1.0,,,,,,,,,,5.916666666666667,4.228571428571429,90.0,53.0,40,0,34,33,0,6,0,0,0,0,5,5,0,0,0,0,0,0,0
101027,Diego,14,290,4,6,0,6.23,0.0,3.66,9,1.3,,,1.0,1.0,,,,,,,,,,,88.0,58.0,25,0,13,7,0,0,0,0,0,0,2,5,0,0,0,0,0,0,0
101725,Matheusinho,14,290,4,7,0,0.72,-0.56,0.46,7,-0.92,,,,2.0,,,,,,,,,0.9666666666666667,0.10000000000000002,34.0,35.0,3,0,2,1,0,0,0,0,0,0,1,1,0,0,0,0,0,0,0
107908,Hugo,14,290,2,6,0,2.36,0.0,1.2,1,2.86,,,,,,,,,,,,,,,31.0,31.0,0,0,1,0,0,0,0,0,0,0,0,0,0,0,0,0,0,0,0
109639,Gabriel Novaes,14,290,5,6,0,2.57,0.0,0.23,3,0.62,,,,1.0,,,,,,,,,,,36.0,67.0,1,0,0,3,0,1,0,0,0,0,0,0,0,0,0,0,0,0,0
105842,Edu,14,290,3,6,0,2.4,0.0,1.9,2,1.51,,,,,,,,,1.0,,,,1.7,2.1,54.0,9.0,3,0,3,1,0,0,0,0,0,0,0,0,0,0,0,0,0,0,0
111996,Julián Palacios,14,290,4,6,0,5.71,-0.01,2.86,13,0.81,,,1.0,2.0,,,,,,,,,4.3999999999999995,1.542857142857143,79.0,53.0,33,0,10,19,0,5,0,0,0,0,2,7,0,0,0,0,0,0,0
108211,Breno,14,290,5,6,0,1.0,0.0,0.0,0,1.12,,,,,,,,,,,,,,,0.0,0.0,0,0,0,0,0,0,0,0,0,0,0,0,0,0,0,0,0,0,0
122668,Bruno Santos,14,290,2,6,0,2.2,0.0,0.46,5,3.16,,,,,,,,,,,,,0.7999999999999999,0.2333333333333334,53.0,33.0,3,0,3,6,0,0,0,0,0,0,1,0,0,0,0,0,0,0,0
118304,Pedrinho,14,290,5,6,0,1.31,0.0,-0.3,1,1.6,,,,,,,,,,,,,,,14.0,14.0,0,0,0,1,0,0,0,0,0,0,0,0,0,0,0,0,0,0,0
121237,Kauan,14,356,4,6,0,2.0,0.0,0.0,0,2.54,,,,,,,,,,,,,,,0.0,0.0,0,0,0,0,0,0,0,0,0,0,0,0,0,0,0,0,0,0,0
110928,Lucão,14,290,5,6,0,1.37,0.0,0.15,2,1.25,,,,,,,,,,,,,0.0,0.15,32.0,34.0,0,0,1,3,0,0,0,0,0,0,0,0,0,0,0,0,0,0,0
110632,Luiz Filipe,14,290,5,6,0,2.0,0.0,0.0,0,2.54,,,,,,,,,,,,,,,0.0,0.0,0,0,0,0,0,0,0,0,0,0,0,0,0,0,0,0,0,0,0
121242,Alan,14,290,4,6,0,1.0,0.0,0.0,0,1.12,,,,,,,,,,,,,,,,,0,0,0,0,0,0,0,0,0,0,0,0,0,0,0,0,0,0,0
116835,Reginaldo,14,290,5,6,0,1.0,0.0,0.0,0,1.12,,,,,,,,,,,,,,,,,0,0,0,0,0,0,0,0,0,0,0,0,0,0,0,0,0,0,0
107261,Nathan,14,290,4,6,0,1.0,0.0,0.0,0,1.12,,,,,,,,,,,,,,,0.0,0.0,0,0,0,0,0,0,0,0,0,0,0,0,0,0,0,0,0,0,0
113384,Diogo Batista,14,294,2,6,0,1.63,0.72,2.9,2,3.45,,,1.0,,,,,,,,,,4.7,1.1,48.0,32.0,0,0,1,2,0,1,0,0,0,0,1,0,0,0,0,0,0,0,0
121796,Jean Pedroso,14,294,3,7,0,1.9,0.0,3.63,3,4.13,,1.0,,,,,,,1.0,,,,3.4,4.1,99.0,98.0,2,0,5,3,0,0,0,0,0,0,0,1,0,0,0,0,0,0,0
106219,Kawan,14,293,4,5,0,2.0,0.0,0.0,0,2.54,,,,,,,,,,,,,,,0.0,0.0,0,0,0,0,0,0,0,0,0,0,0,0,0,0,0,0,0,0,0
108624,Arriagada,14,293,5,6,0,3.1,0.18,1.05,2,1.35,,,,,,,,,,,,,0.3,1.8,39.0,64.0,2,0,1,7,0,1,0,0,0,0,0,1,0,0,0,0,0,0,0
110251,Gabriel Pereira,14,293,1,6,0,1.0,0.0,0.0,0,1.12,,,,,,,,,,,,,,,0.0,0.0,0,0,0,0,0,0,0,0,0,0,0,0,0,0,0,0,0,0,0
70172,Fábio,14,284,2,5,0,4.63,0.0,2.75,4,3.02,,,1.0,,,,,,,,,,,,77.0,55.0,2,0,4,2,0,0,0,0,0,0,0,1,0,0,0,0,0,0,0
73620,Bruno Alves,14,284,3,6,0,6.0,0.32,1.79,13,2.08,,2.0,,2.0,,,,,,,,,2.5124999999999997,0.62,92.0,98.0,7,0,8,5,0,1,0,0,0,0,1,2,0,0,0,0,0,0,0
80853,Pedro Geromel,14,284,3,6,0,7.0,0.0,0.0,0,9.64,,,,,,,,,,,,,,,0.0,0.0,0,0,0,0,0,0,0,0,0,0,0,0,0,0,0,0,0,0,0
87470,Thaciano,14,265,4,7,0,11.19,-0.23,5.37,13,0.84,1.0,,2.0,2.0,,,,,,,,,6.3500000000000005,4.514285714285713,93.0,102.0,16,2,20,15,0,4,0,0,0,0,1,12,0,0,0,0,0,0,0
70916,Diogo Barbosa,14,266,2,5,0,6.95,0.0,2.0,6,-2.77,,1.0,,1.0,,,,,,,,,,,76.0,15.0,5,0,5,4,0,0,0,0,0,0,1,1,0,0,0,0,0,0,0
70221,Bruno Uvini,14,284,3,6,0,3.21,-0.03,1.98,10,0.92,1.0,,,,,,,,1.0,,,,1.48,2.48,92.0,98.0,6,1,4,6,0,3,0,0,0,0,3,4,0,0,0,0,0,0,0
87342,Kannemann,14,284,3,6,0,8.05,0.21,3.7,11,1.45,,2.0,1.0,,,,,1.0,,,,,5.283333333333334,1.8200000000000003,96.0,82.0,9,0,27,21,0,3,0,0,0,0,7,2,0,0,0,0,0,0,0
79701,Lucas Silva,14,283,4,6,0,4.71,0.0,2.67,4,2.07,,,,,,,,,,,,,,,61.0,19.0,4,0,8,3,0,0,0,0,0,0,0,0,0,0,0,0,0,0,0
78855,Thiago Santos,14,266,4,6,0,1.94,0.0,0.54,8,1.75,,,,,,,,,,,,,0.825,0.25,38.0,101.0,3,0,5,8,0,1,0,0,0,0,2,0,0,0,0,0,0,0,0
89273,João Pedro,14,284,2,6,0,11.04,0.71,3.81,9,2.92,,1.0,1.0,,,,,,,,,,4.94,2.4,75.0,98.0,6,1,12,3,0,0,0,0,0,0,1,1,0,0,0,0,0,0,0
89846,Cristaldo,14,284,4,6,0,11.49,-0.9,6.47,13,1.83,,,1.0,2.0,,,1.0,,,,,,7.262499999999999,5.220000000000001,74.0,74.0,21,4,20,3,0,6,0,0,0,0,0,7,0,0,0,0,0,0,0
106371,Jhonata Robert,14,284,4,5,0,4.0,0.0,0.0,0,5.38,,,,,,,,,,,,,,,0.0,0.0,0,0,0,0,0,0,0,0,0,0,0,0,0,0,0,0,0,0,0
97145,Villasanti,14,284,4,6,0,7.27,-0.79,6.35,11,2.29,1.0,,1.0,,,,,,,,,,6.642857142857143,5.85,95.0,98.0,12,3,26,19,0,5,0,0,0,0,2,3,0,0,0,0,0,0,0
87098,Matheus Peixoto,14,290,5,6,0,7.44,0.0,3.99,12,0.33,,,1.0,8.0,,,,,,,,,6.12,2.4714285714285715,80.0,50.0,17,2,10,16,0,5,0,0,0,0,2,10,0,0,0,0,0,0,0
89918,Everton Galdino,14,284,5,5,0,5.54,0.0,2.95,10,1.58,,,1.0,,,,,,,,,,2.18,3.7399999999999998,38.0,16.0,4,2,4,4,0,2,0,0,0,0,1,2,0,0,0,0,0,0,0
112616,Gabriel Grando,14,284,1,6,0,5.21,0.06,3.0,11,1.4,,1.0,,,46.0,18.0,,,,,,,4.083333333333333,1.7,101.0,98.0,2,0,0,0,0,0,0,0,0,0,1,0,0,0,0,0,0,0,0
104593,Darlan,14,284,4,6,0,2.71,0.0,0.2,1,3.51,,,,,,,,,,,,,,,53.0,53.0,0,0,1,0,0,0,0,0,0,0,1,0,0,0,0,0,0,0,0
97993,Jhonata Varela,14,284,4,5,0,3.0,0.0,0.0,0,3.96,,,,,,,,,,,,,,,0.0,0.0,0,0,0,0,0,0,0,0,0,0,0,0,0,0,0,0,0,0,0
107748,Adriel,14,284,1,6,0,7.74,0.0,5.25,2,2.21,,1.0,,,7.0,1.0,,,,,,,,,102.0,100.0,1,0,0,0,0,0,0,0,0,0,1,0,0,0,0,0,0,0,0
100830,Brenno,14,284,1,6,0,4.27,0.0,0.0,1,5.76,,,,,1.0,1.0,,,,,,,0.0,0.0,100.0,100.0,0,0,0,0,0,0,0,0,0,0,0,0,0,0,0,0,0,0,0
101573,Pepê,14,284,4,5,0,7.23,0.0,10.5,1,8.34,,,,,,,,,,,,,,,77.0,77.0,5,0,6,0,0,0,0,0,0,0,0,1,0,0,0,0,0,0,0
112140,Bitello,14,284,4,6,0,12.74,0.1,6.07,13,3.1,,,,2.0,,,,,,,,,6.4,5.540000000000001,96.0,93.0,43,3,20,10,0,4,0,0,0,0,1,11,0,0,0,0,0,0,0
108201,Gustavinho,14,284,4,6,0,2.85,0.0,0.5,1,3.67,,,,,,,,,,,,,,,13.0,13.0,1,0,0,0,0,0,0,0,0,0,0,0,0,0,0,0,0,0,0
72772,Luiz Adriano,14,285,5,2,0,5.68,-0.53,2.8,13,-0.28,2.0,,1.0,3.0,,,,,,,,,3.5500000000000003,2.157142857142857,70.0,73.0,13,1,5,8,0,3,0,0,0,0,0,5,0,0,0,0,0,0,0
63354,Rodrigo Moledo,14,285,3,3,0,2.82,0.0,1.26,7,-0.88,,1.0,,1.0,,,,,,,,,2.8666666666666667,0.05000000000000001,78.0,101.0,3,0,4,2,0,1,0,0,0,0,3,0,0,0,0,0,0,0,0
78605,Gabriel,14,285,4,6,0,6.0,0.0,0.0,0,8.22,,,,,,,,,,,,,,,0.0,0.0,0,0,0,0,0,0,0,0,0,0,0,0,0,0,0,0,0,0,0
72951,Mercado,14,285,3,7,0,5.14,-0.68,3.34,8,0.75,,3.0,,,,,,,,,,,5.1000000000000005,2.28,101.0,100.0,3,0,13,12,0,2,0,0,0,0,5,1,0,0,0,0,0,0,0
99440,Baralhas,14,285,4,6,0,5.11,0.0,2.72,5,1.6,,,,,,,,,,,,,,,55.0,14.0,3,0,9,5,0,1,0,0,0,0,0,2,0,0,0,0,0,0,0
104385,Igor Gomes,14,285,3,6,0,5.25,0.0,2.88,8,3.43,,2.0,,,,,,,1.0,,,,3.725,2.05,55.0,101.0,7,0,9,4,0,1,0,0,0,0,1,1,0,0,0,0,0,0,0
93834,Keiller,14,285,1,6,0,5.08,0.0,2.08,6,3.42,,,,,16.0,11.0,,,,1.0,,,,,103.0,115.0,1,0,0,0,0,0,0,0,0,0,0,0,0,0,0,0,0,0,0
105647,Maurício,14,285,4,5,0,7.97,0.0,4.52,6,1.9,,,,3.0,,,,,,,,,7.3999999999999995,1.6333333333333335,66.0,70.0,12,2,3,2,0,1,0,0,0,0,2,4,0,0,0,0,0,0,0
89883,Dodi,14,277,4,7,0,4.49,0.0,2.65,12,0.25,,,,,,,,,,,,,2.0571428571428574,3.46,89.0,60.0,19,0,26,20,0,1,0,0,0,0,5,1,0,0,0,0,0,0,0
94044,John Victor,14,285,1,7,0,6.93,-0.83,5.25,8,1.36,,4.0,,,27.0,5.0,,,,,,,6.625,3.875,102.0,100.0,2,0,0,0,0,0,0,0,0,0,1,0,0,0,0,0,0,0,0
97900,Vitão,14,285,3,7,0,4.93,-1.14,2.55,11,-0.05,,3.0,,,,,,,,,,,3.3599999999999994,1.8666666666666665,95.0,100.0,2,0,10,4,0,2,0,0,0,0,2,1,0,0,0,0,0,0,0
106000,Lucas Ramos,14,285,4,6,0,2.81,0.0,0.0,1,3.69,,,,,,,,,,,,,0.0,0.0,6.0,6.0,0,0,0,0,0,0,0,0,0,0,0,0,0,0,0,0,0,0,0
96678,Bustos,14,285,2,7,0,7.07,-0.46,4.13,9,3.2,,3.0,,,,,,,,,,,4.324999999999999,3.9599999999999995,88.0,100.0,10,0,14,9,0,2,0,0,0,0,1,2,0,0,0,0,0,0,0
117870,Estevão,14,285,4,6,0,2.11,0.0,0.2,1,2.69,,,,,,,,,,,,,,,19.0,19.0,1,0,0,1,0,0,0,0,0,0,0,0,0,0,0,0,0,0,0
107809,Matheus Dias,14,285,4,6,0,1.94,-0.07,0.67,6,0.17,,,,,,,,,,,,,0.8500000000000001,0.5750000000000001,30.0,23.0,1,0,5,5,0,0,0,0,0,0,1,0,0,0,0,0,0,0,0
106002,Johnny,14,285,4,6,0,7.55,0.0,5.77,9,0.39,1.0,,1.0,2.0,,,,,,,,,4.5,6.8,81.0,0.0,12,2,20,10,0,2,0,0,0,0,2,1,0,0,0,0,0,0,0
69040,Vladimir,14,277,1,3,0,2.32,-1.68,-3.0,0,5.38,,,,,,,,1.0,,,,,-3.0,0.0,0.0,0.0,0,0,0,0,0,0,0,0,0,0,0,0,0,0,0,0,0,0,0
79035,Luiz Felipe,14,277,3,6,0,2.16,-0.84,0.0,1,0.04,,,,,,,,,,,,,0.0,0.0,5.0,5.0,0,0,0,0,0,0,0,0,0,0,0,0,0,0,0,0,0,0,0
105672,Nicolás Hernández,14,285,3,6,0,2.88,0.0,1.67,6,0.63,,1.0,1.0,,,,,,,,,,3.35,0.8250000000000002,81.0,101.0,2,0,2,4,0,0,0,0,0,0,3,1,0,0,0,0,0,0,0
115061,Thauan Lara,14,285,2,6,0,2.76,0.0,3.09,7,-0.26,,2.0,,,,,,,,,,,3.45,2.9400000000000004,49.0,3.0,11,0,4,5,0,1,0,0,0,0,0,2,0,0,0,0,0,0,0
126010,Yani Quintero,14,280,4,6,0,2.0,0.0,0.0,0,,,,,,,,,,,,,,,,,,0,0,0,0,0,0,0,0,0,0,0,0,0,0,0,0,0,0,0
68770,Camacho,14,277,4,6,0,1.91,0.0,1.06,5,-1.37,,,,1.0,,,,1.0,,,,,1.1,1.05,72.0,102.0,2,0,10,12,0,0,0,0,0,0,1,0,0,0,0,0,0,0,0
105998,Vinícius,14,267,5,6,0,2.0,0.0,0.0,0,2.54,,,,,,,,,,,,,,,0.0,0.0,0,0,0,0,0,0,0,0,0,0,0,0,0,0,0,0,0,0,0
105902,Zé Gabriel,14,267,4,6,0,2.87,0.0,1.32,5,3.27,,,,,,,,,,,,,0.16666666666666666,3.0500000000000003,62.0,92.0,0,0,6,4,0,0,0,0,0,0,1,2,0,0,0,0,0,0,0
105584,Lucas Piton,14,267,2,6,0,6.28,0.0,2.34,13,1.4,,1.0,2.0,2.0,,,,,,,,,2.716666666666667,2.0142857142857142,100.0,103.0,2,0,14,16,0,2,0,0,0,0,3,4,0,0,0,0,0,0,0
73974,Alison,14,277,4,5,0,3.03,0.0,1.24,5,0.74,,,,,,,,,,,,,1.9000000000000001,0.25,25.0,0.0,1,0,5,1,0,0,0,0,0,0,0,0,0,0,0,0,0,0,0
98219,Alemão,14,285,5,6,0,6.84,0.26,3.0,9,2.43,1.0,,,1.0,,,,,,,,,1.5,4.2,44.0,27.0,14,1,6,11,0,2,0,0,0,0,2,6,0,0,0,0,0,0,0
71227,Maicon,14,267,3,6,0,5.32,-1.41,4.4,2,0.15,,1.0,,,,,,,,,,,4.3999999999999995,0.0,76.0,103.0,1,0,2,1,0,1,0,0,0,0,0,0,0,0,0,0,0,0,0
106199,Gabriel Pec,14,267,5,6,0,14.46,0.2,4.45,13,3.42,2.0,,1.0,1.0,,,,,,,,,3.8714285714285706,5.116666666666665,70.0,103.0,21,2,12,14,0,5,0,0,0,0,3,9,0,0,0,0,0,0,0
106201,Figueiredo,14,267,4,6,0,3.18,0.0,2.07,11,2.24,1.0,,,4.0,,,1.0,,,,,,2.575,1.7857142857142858,44.0,0.0,10,0,6,14,0,7,0,0,0,0,2,6,0,0,0,0,0,0,0
111769,Marlon Gomes,14,267,4,6,0,4.77,-0.31,2.99,9,2.43,1.0,,,1.0,,,,,,,,,3.7199999999999998,2.075,60.0,65.0,14,0,17,14,0,0,0,0,0,0,0,1,0,0,0,0,0,0,0
110776,Orellano,14,267,4,6,0,3.73,0.69,1.75,10,3.92,,,,,,,,,,,,,1.7285714285714284,1.35,37.0,84.0,13,0,9,6,0,2,0,0,0,0,2,2,0,0,0,0,0,0,0
106682,Halls,14,267,1,6,0,2.0,0.0,0.0,0,2.54,,,,,,,,,,,,,,,0.0,0.0,0,0,0,0,0,0,0,0,0,0,0,0,0,0,0,0,0,0,0
118708,Eguinaldo,14,267,5,6,0,2.0,0.0,0.02,4,-1.4,,,,,,,,,,,,,-0.1,0.06666666666666665,23.0,11.0,2,0,1,3,0,0,0,0,0,0,2,1,0,0,0,0,0,0,0
115733,Zé Vitor,14,267,3,6,0,2.0,0.0,0.0,0,2.54,,,,,,,,,,,,,,,0.0,0.0,0,0,0,0,0,0,0,0,0,0,0,0,0,0,0,0,0,0,0
111761,Cadu,14,267,1,6,0,1.0,0.0,0.0,0,1.12,,,,,,,,,,,,,,,0.0,0.0,0,0,0,0,0,0,0,0,0,0,0,0,0,0,0,0,0,0,0
111766,Rodrigo,14,267,4,6,0,3.86,0.0,0.9,8,-1.2,,,,,,,,,,,,,,,53.0,15.0,2,0,7,4,0,0,0,0,0,0,1,0,0,0,0,0,0,0,0
121184,Erick Marcus,14,267,5,6,0,3.82,0.23,2.74,9,2.04,1.0,,,1.0,,,,,,,,,1.54,4.25,39.0,64.0,7,1,9,5,0,1,0,0,0,0,1,1,0,0,0,0,0,0,0
112913,Capasso,14,267,3,6,0,2.25,-0.41,0.62,6,-0.99,,,,1.0,,,,,,,,,-0.09999999999999994,1.3333333333333333,71.0,103.0,0,0,6,4,0,0,0,0,0,0,3,1,0,0,0,0,0,0,0
108528,Galarza,14,267,4,6,0,2.36,0.0,2.1,9,0.11,,,,,,,,,,,,,0.9,3.06,45.0,17.0,4,1,7,7,0,1,0,0,0,0,1,3,0,0,0,0,0,0,0
122485,Barros,14,267,4,5,0,2.3,0.0,2.03,6,1.4,,,,,,,,,,,,,,,46.0,70.0,2,1,3,6,0,0,0,0,0,0,1,3,0,0,0,0,0,0,0
122321,Lorran,14,262,4,6,0,3.0,0.0,0.0,0,3.96,,,,,,,,,,,,,,,0.0,0.0,0,0,0,0,0,0,0,0,0,0,0,0,0,0,0,0,0,0,0
113667,Ryan Luka,14,262,5,6,0,1.0,0.0,0.0,0,1.12,,,,,,,,,,,,,,,0.0,0.0,0,0,0,0,0,0,0,0,0,0,0,0,0,0,0,0,0,0,0
115734,Pimentel,14,267,3,6,0,2.0,0.0,0.0,0,2.54,,,,,,,,,,,,,,,0.0,0.0,0,0,0,0,0,0,0,0,0,0,0,0,0,0,0,0,0,0,0
110708,Pedro Rangel,14,266,1,6,0,3.0,0.0,0.0,0,3.96,,,,,,,,,,,,,,,0.0,0.0,0,0,0,0,0,0,0,0,0,0,0,0,0,0,0,0,0,0,0
72595,Maurício Kozlinski,14,356,1,6,0,4.92,0.0,6.0,1,6.68,,1.0,,,1.0,,,,,,,,,,102.0,102.0,0,0,0,0,0,0,0,0,0,0,0,0,0,0,0,0,0,0,0
116432,Daniel Junior,14,283,4,5,0,2.62,0.0,0.75,4,2.04,,,,,,,,,,,,,0.75,0.0,13.0,12.0,5,0,0,1,0,0,0,0,0,0,0,1,0,0,0,0,0,0,0
98605,Di Placido,14,263,2,7,0,11.83,1.83,7.1,13,11.21,,8.0,3.0,1.0,,,,,1.0,,,,8.942857142857143,4.95,77.0,98.0,5,0,31,7,0,1,0,0,0,0,2,2,0,0,0,0,0,0,0
114174,André Luiz,14,262,5,6,0,1.42,0.0,0.0,1,1.71,,,,,,,,,,,,,0.0,0.0,4.0,4.0,0,0,0,0,0,0,0,0,0,0,0,0,0,0,0,0,0,0,0
104401,Vitor Mendes,14,266,3,6,0,6.66,0.0,4.95,2,3.87,,2.0,,,,,,,,,,,,,63.0,25.0,0,0,0,1,0,1,0,0,0,0,1,0,0,0,0,0,0,0,0
110759,John Kennedy,14,266,5,6,0,9.24,-0.03,2.88,11,0.01,1.0,,,2.0,,,1.0,,,,,,0.6799999999999999,4.733333333333333,41.0,8.0,6,2,5,10,0,5,0,0,0,0,4,5,0,0,0,0,0,0,0
104991,Igo Gabriel,14,263,1,6,0,1.0,0.0,0.0,0,1.12,,,,,,,,,,,,,,,0.0,0.0,0,0,0,0,0,0,0,0,0,0,0,0,0,0,0,0,0,0,0
107183,Léo Linck,14,293,1,6,0,2.05,0.0,7.0,1,1.53,,,,,2.0,2.0,,,,1.0,,,3.0,-1.0,105.0,105.0,0,0,0,0,0,0,0,0,0,0,2,0,0,0,0,0,0,0,0
107232,Miqueias,14,265,4,6,0,3.0,0.0,0.0,0,3.96,,,,,,,,,,,,,,,,,0,0,0,0,0,0,0,0,0,0,0,0,0,0,0,0,0,0,0
118770,Patrick Verhon,14,265,4,6,0,1.44,-0.56,0.0,1,0.04,,,,,,,,,,,,,0.0,0.0,6.0,6.0,0,0,0,0,0,0,0,0,0,0,0,0,0,0,0,0,0,0,0
122393,Talisson,14,280,5,6,0,3.1,0.0,3.8,1,3.51,,,,,,,,,,,,,,,52.0,52.0,1,0,2,1,0,1,0,0,0,0,0,0,0,0,0,0,0,0,0
122301,Kennedy,14,265,5,6,0,1.0,0.0,0.0,0,1.12,,,,,,,,,,,,,,,0.0,0.0,0,0,0,0,0,0,0,0,0,0,0,0,0,0,0,0,0,0,0
121779,Vitão,14,1371,3,6,0,1.32,0.0,0.0,1,1.7,,,,,,,,,,,,,0.0,0.0,19.0,19.0,0,0,0,0,0,0,0,0,0,0,0,0,0,0,0,0,0,0,0
111633,Juan Christian,14,283,5,6,0,1.0,0.0,0.0,0,1.12,,,,,,,,,,,,,,,0.0,0.0,0,0,0,0,0,0,0,0,0,0,0,0,0,0,0,0,0,0,0
121263,Gabryel Freitas,14,1371,5,6,0,2.0,0.0,0.0,0,2.54,,,,,,,,,,,,,,,0.0,0.0,0,0,0,0,0,0,0,0,0,0,0,0,0,0,0,0,0,0,0
123907,Pepa,14,283,6,7,0,11.58,0.19,5.52,14,3.59,,,,,,,,,,,,6.0,,,,,0,0,0,0,0,0,0,0,0,0,0,0,0,0,0,0,0,0,0
122420,Lucca,14,285,5,6,0,1.34,-0.35,0.7,11,0.6,,,,,,,,,,,,,1.3199999999999998,0.19999999999999998,21.0,27.0,3,0,3,1,0,2,0,0,0,0,1,2,0,0,0,0,0,0,0
109246,Kawê,14,280,5,6,0,1.0,0.0,0.0,0,1.12,,,,,,,,,,,,,,,0.0,0.0,0,0,0,0,0,0,0,0,0,0,0,0,0,0,0,0,0,0,0
98496,Vinícius Barreta,14,1371,1,6,0,1.0,0.0,0.0,0,1.12,,,,,,,,,,,,,,,0.0,0.0,0,0,0,0,0,0,0,0,0,0,0,0,0,0,0,0,0,0,0
113663,Kevin,14,275,5,6,0,1.0,0.0,0.0,0,1.12,,,,,,,,,,,,,,,0.0,0.0,0,0,0,0,0,0,0,0,0,0,0,0,0,0,0,0,0,0,0
107726,Chrystian Barletta,14,264,4,6,0,4.79,0.0,2.23,3,0.25,,,,,,,,,,,,,,,48.0,19.0,4,0,3,3,0,1,0,0,0,0,0,1,0,0,0,0,0,0,0
115246,Naves,14,275,3,6,0,1.81,-0.43,3.65,4,-0.01,,2.0,,,,,,,,,,,0.0,4.866666666666666,48.0,6.0,2,0,4,4,0,0,0,0,0,0,0,0,0,0,0,0,0,0,0
90232,Raí Ramos,14,276,2,6,0,5.3,0.0,3.95,4,2.32,,2.0,,,,,,,,,,,,,71.0,50.0,1,0,4,5,0,2,0,0,0,0,2,2,0,0,0,0,0,0,0
124251,Deivid Washington,14,277,5,6,0,3.72,0.0,4.53,7,0.43,1.0,,,2.0,,,,,,,,,5.6,3.1,62.0,0.0,7,2,1,2,0,5,0,0,0,0,2,6,0,0,0,0,0,0,0
68942,Luciano Castán,14,283,3,7,0,6.39,0.04,3.04,13,3.56,,5.0,,1.0,,,,,,,,,2.3833333333333333,3.6142857142857143,99.0,103.0,11,0,11,10,0,1,0,0,0,0,3,1,0,0,0,0,0,0,0
106977,Bernardo Schappo,14,356,3,6,0,4.0,0.0,0.0,0,5.38,,,,,,,,,,,,,,,0.0,0.0,0,0,0,0,0,0,0,0,0,0,0,0,0,0,0,0,0,0,0
115870,Jonathan,14,280,2,6,0,1.0,0.0,0.0,0,1.12,,,,,,,,,,,,,,,0.0,0.0,0,0,0,0,0,0,0,0,0,0,0,0,0,0,0,0,0,0,0
124158,Everton,14,280,5,6,0,1.0,0.0,0.0,0,1.12,,,,,,,,,,,,,,,0.0,0.0,0,0,0,0,0,0,0,0,0,0,0,0,0,0,0,0,0,0,0
112370,Emerson Ramon,14,1371,5,6,0,4.11,-0.29,2.24,9,0.13,,,,1.0,,,,,,,,,1.6199999999999999,3.0,58.0,29.0,13,0,5,5,0,3,0,0,0,0,0,7,0,0,0,0,0,0,0
107111,Richard Ríos,14,275,4,7,0,4.01,-0.34,1.57,14,-0.69,,,,1.0,,,,,,,,,1.0,2.142857142857143,39.0,98.0,11,0,13,8,0,1,0,0,0,0,1,4,0,0,0,0,0,0,0
115915,Lelê,14,266,5,6,0,10.06,0.44,3.59,14,2.21,1.0,,2.0,2.0,,,,,,,,,3.1142857142857143,4.057142857142857,49.0,92.0,4,2,7,16,0,8,0,0,0,0,1,9,0,0,0,0,0,0,0
116825,Jhonny,14,280,2,6,0,1.0,0.0,0.0,0,1.12,,,,,,,,,,,,,,,0.0,0.0,0,0,0,0,0,0,0,0,0,0,0,0,0,0,0,0,0,0,0
94845,Battaglia,14,282,4,3,0,4.51,-0.02,1.41,12,0.79,,,,1.0,,,,,,,,,1.4333333333333333,1.3833333333333335,89.0,98.0,15,0,11,21,0,2,0,0,0,0,3,4,0,0,0,0,0,0,0
124239,Henry Mosquera,14,280,5,5,0,7.2,0.0,3.78,10,14.0,1.0,,1.0,2.0,,,,,,,,,5.959999999999999,1.6,53.0,93.0,6,2,8,16,0,2,0,0,0,0,1,6,0,0,0,0,0,0,0
99412,Morelli,14,290,4,2,0,5.9,0.43,3.65,10,2.56,,,,2.0,,,,,,,,,4.449999999999999,3.1166666666666667,77.0,35.0,20,1,16,13,0,1,0,0,0,0,1,4,0,0,0,0,0,0,0
95556,Raniele,14,1371,4,7,0,12.26,-0.05,5.03,13,4.29,,,,1.0,,,,,1.0,,,,4.728571428571429,5.383333333333333,86.0,102.0,21,1,34,10,0,5,0,0,0,0,3,9,0,0,0,0,0,0,0
116046,Vitor Graziani,14,282,4,6,0,1.0,0.0,0.0,0,1.12,,,,,,,,,,,,,,,0.0,0.0,0,0,0,0,0,0,0,0,0,0,0,0,0,0,0,0,0,0,0
124249,Léo Santos,14,282,2,6,0,1.0,0.0,0.0,0,1.12,,,,,,,,,,,,,,,0.0,0.0,0,0,0,0,0,0,0,0,0,0,0,0,0,0,0,0,0,0,0
72497,Gustavo Campanharo,14,285,4,2,0,4.84,-0.76,2.36,9,-0.32,,,,,,,,,,,,,2.6,2.25,63.0,77.0,7,0,20,16,0,3,0,0,0,0,5,0,0,0,0,0,0,0,0
121830,Janderson,14,263,5,6,0,1.39,0.0,0.6,3,1.44,,,,,,,,,,,,,,,15.0,34.0,0,0,2,2,0,0,0,0,0,0,0,0,0,0,0,0,0,0,0
124250,Pedro Ataíde,14,282,5,6,0,1.0,0.0,0.0,0,1.12,,,,,,,,,,,,,,,0.0,0.0,0,0,0,0,0,0,0,0,0,0,0,0,0,0,0,0,0,0,0
113154,Kauan,14,282,2,6,0,1.0,0.0,0.0,0,1.12,,,,,,,,,,,,,,,0.0,0.0,0,0,0,0,0,0,0,0,0,0,0,0,0,0,0,0,0,0,0
116048,Raí,14,263,4,6,0,2.11,0.0,0.0,1,2.69,,,,,,,,,,,,,,,4.0,4.0,0,0,0,0,0,0,0,0,0,0,0,0,0,0,0,0,0,0,0
72605,Vitor Hugo,14,265,3,6,0,5.28,-0.18,2.27,10,0.34,,2.0,,,,,,,1.0,,,,2.3600000000000003,2.18,73.0,40.0,4,0,9,7,0,0,0,0,0,0,1,5,0,0,0,0,0,0,0
69325,Aránguiz,14,285,4,7,0,7.08,-0.43,0.95,2,-0.18,,,,,,,,,,,,,2.2,-0.3,44.0,51.0,0,0,1,3,0,0,0,0,0,0,0,2,0,0,0,0,0,0,0
122602,Matheus Belém,14,276,3,6,0,1.86,0.86,6.2,1,4.54,,1.0,,,,,,,,,,,0.0,6.2,81.0,81.0,0,0,1,0,0,0,0,0,0,0,0,0,0,0,0,0,0,0,0
103014,Laquintana,14,280,5,5,0,3.67,0.0,1.75,2,0.61,,,,2.0,,,,,,,,,,,65.0,54.0,2,0,1,3,0,2,0,0,0,0,0,0,0,0,0,0,0,0,0
115248,Jhon Jhon,14,275,4,7,0,1.54,0.0,0.92,7,4.09,,,,1.0,,,,,,,,,-0.35000000000000003,1.7000000000000002,31.0,105.0,3,0,5,4,0,1,0,0,0,0,2,0,0,0,0,0,0,0,0
104521,Vinícius Zanocelo,14,356,4,6,0,3.32,0.0,0.68,6,0.23,,,,,,,,,,,,,0.4,0.8250000000000001,20.0,14.0,0,0,4,3,0,1,0,0,0,0,1,0,0,0,0,0,0,0,0
73781,Guilherme Marques,14,290,5,3,0,6.6,3.5,3.99,9,15.9,,,1.0,2.0,,,,1.0,,,,,2.475,5.2,48.0,111.0,4,2,12,13,0,3,0,0,0,0,2,5,0,0,0,0,0,0,0
110055,Matías Segovia,14,263,4,6,0,4.59,0.4,2.22,9,2.11,,,1.0,,,,,,,,,,2.1999999999999997,2.25,32.0,50.0,8,0,9,0,0,1,0,0,0,0,1,0,0,0,0,0,0,0,0
121792,André,14,284,5,6,0,1.53,-1.34,1.71,8,0.0,,,,,,,,,,,,,2.38,0.6,15.0,6.0,3,1,4,4,0,0,0,0,0,0,1,2,0,0,0,0,0,0,0
115239,Wesley,14,262,2,7,0,8.17,-0.22,4.34,14,2.41,,5.0,1.0,6.0,,,,,1.0,,,,5.471428571428571,3.1999999999999997,92.0,104.0,21,0,23,26,0,1,0,0,0,0,0,1,0,0,0,0,0,0,0
109404,Thiago Andrade,14,293,5,6,0,2.65,0.0,0.73,8,-1.1,,,,,,,,,,,,,1.9666666666666668,0.0,43.0,54.0,3,0,2,2,0,1,0,0,0,0,1,3,0,0,0,0,0,0,0
106434,Eduardo Santos,14,280,3,5,0,5.87,0.13,3.85,13,3.52,1.0,5.0,1.0,,,,,,,,,,5.271428571428571,2.183333333333333,88.0,20.0,8,1,6,14,0,2,0,0,0,0,2,2,0,0,0,0,0,0,0
124313,Ian,14,275,2,6,0,1.0,0.0,0.0,0,1.12,,,,,,,,,,,,,,,0.0,0.0,0,0,0,0,0,0,0,0,0,0,0,0,0,0,0,0,0,0,0
111819,Thomas Luciano,14,284,2,6,0,5.46,0.0,3.5,6,-1.42,,2.0,,1.0,,,,,,,,,,,59.0,11.0,6,0,7,9,0,0,0,0,0,0,0,3,0,0,0,0,0,0,0
124340,Allyson,14,1371,3,6,0,4.29,0.0,3.46,5,3.7,,2.0,,,,,,,,,,,3.45,3.466666666666667,84.0,100.0,4,0,4,1,0,0,0,0,0,0,0,1,0,0,0,0,0,0,0
123610,Pedro Lima,14,275,4,6,0,1.0,0.0,0.0,0,1.12,,,,,,,,,,,,,,,0.0,0.0,0,0,0,0,0,0,0,0,0,0,0,0,0,0,0,0,0,0,0
124358,João Vitor,14,294,2,6,0,1.0,0.0,0.0,0,1.12,,,,,,,,,,,,,,,0.0,0.0,0,0,0,0,0,0,0,0,0,0,0,0,0,0,0,0,0,0,0
93797,Marcinho,14,327,2,6,0,2.83,0.0,1.42,10,0.02,,,,,,,,,,,,,1.6800000000000002,1.1800000000000002,76.0,52.0,1,0,15,14,0,2,0,0,0,0,4,2,0,0,0,0,0,0,0
116282,Gabriel Silva,14,294,4,6,0,1.0,0.0,0.0,0,1.12,,,,,,,,,,,,,,,0.0,0.0,0,0,0,0,0,0,0,0,0,0,0,0,0,0,0,0,0,0,0
123153,Zinho,14,284,5,6,0,4.19,0.0,2.12,6,0.35,,,1.0,1.0,,,,,,,,,,,41.0,25.0,2,0,4,0,0,1,0,0,0,0,0,1,0,0,0,0,0,0,0
111839,Felipe Andrade,14,266,3,6,0,0.72,0.0,0.27,3,-0.45,,,,,,,,,,,,,0.4,0.0,34.0,39.0,0,0,0,0,0,0,0,0,0,0,0,1,0,0,0,0,0,0,0
116461,Jamerson,14,294,2,7,0,6.7,0.84,2.8,13,4.15,,1.0,,2.0,,,,,,,,,3.3333333333333335,2.3285714285714283,84.0,101.0,4,0,22,9,0,3,0,0,0,0,1,4,0,0,0,0,0,0,0
118238,Ronald,14,284,4,6,0,1.0,0.0,0.0,0,1.12,,,,,,,,,,,,,,,0.0,0.0,0,0,0,0,0,0,0,0,0,0,0,0,0,0,0,0,0,0,0
107740,Emerson Júnior,14,285,1,6,0,1.0,0.0,0.0,0,1.12,,,,,,,,,,,,,,,0.0,0.0,0,0,0,0,0,0,0,0,0,0,0,0,0,0,0,0,0,0,0
107801,Natã,14,284,3,6,0,0.75,0.0,0.2,1,0.73,,,,,,,,,,,,,0.2,0.0,11.0,11.0,1,0,0,1,0,0,0,0,0,0,0,0,0,0,0,0,0,0,0
108352,Gabriel Barros,14,285,5,6,0,2.08,0.0,-0.65,2,-1.48,,,,,,,,,,,,,-1.3,0.0,30.0,19.0,0,0,0,1,0,0,0,0,0,0,1,0,0,0,0,0,0,0,0
123022,Pedro,14,264,5,6,0,1.48,0.0,1.3,5,1.58,,,,2.0,,,1.0,,,,,,0.75,1.666666666666667,39.0,16.0,6,0,0,3,0,3,0,0,0,0,0,0,0,0,0,0,0,0,0
73479,Jean Dias,14,285,5,6,0,3.41,-0.01,2.24,10,0.33,,,1.0,1.0,,,,,,,,,2.375,2.15,41.0,23.0,12,1,2,5,0,1,0,0,0,0,1,3,0,0,0,0,0,0,0
122439,Isaac,14,266,4,6,0,0.81,0.0,0.5,2,1.14,,,,,,,,,,,,,,,8.0,13.0,2,0,0,0,0,0,0,0,0,0,0,0,0,0,0,0,0,0,0
107416,Luan Dias,14,277,4,3,0,1.88,-0.6,0.28,5,-0.69,,,,,,,,,,,,,-0.375,2.9,32.0,38.0,1,0,5,7,0,0,0,0,0,0,3,0,0,0,0,0,0,0,0
37865,Bruno Mezenga,14,277,5,6,0,1.69,-0.14,0.36,8,-0.77,,,,2.0,,,,,,,,,-0.025000000000000022,0.7499999999999999,30.0,38.0,1,0,2,8,0,1,0,0,0,0,1,3,0,0,0,0,0,0,0
93702,Gabriel Inocêncio,14,277,2,6,0,6.62,0.0,4.78,12,-0.74,,5.0,,1.0,,,,,,,,,4.914285714285714,4.62,78.0,49.0,8,0,27,22,0,2,0,0,0,0,2,3,0,0,0,0,0,0,0
124247,Isaac,14,282,5,6,0,1.1,0.0,-0.3,1,1.31,,,,,,,,,,,,,,,15.0,15.0,0,0,0,1,0,0,0,0,0,0,0,0,0,0,0,0,0,0,0
91190,PK,14,1371,2,6,0,4.04,0.0,1.94,7,2.75,,1.0,,,,,,1.0,,,,,0.5499999999999999,3.8000000000000003,65.0,18.0,4,0,10,10,0,0,0,0,0,0,1,2,0,0,0,0,0,0,0
115404,Rwan,14,267,5,6,0,2.72,0.0,1.45,2,3.64,,,,,,,,,,,,,,,22.0,22.0,3,0,1,2,0,0,0,0,0,0,0,1,0,0,0,0,0,0,0
116672,Daniel Ruiz,14,277,4,6,0,3.47,0.0,1.08,9,2.21,,,,,,,,,,,,,,,33.0,8.0,5,0,6,2,0,0,0,0,0,0,1,2,0,0,0,0,0,0,0
122233,Ronald Barcellos,14,284,5,6,0,3.0,0.0,0.0,0,3.96,,,,,,,,,,,,,,,0.0,0.0,0,0,0,0,0,0,0,0,0,0,0,0,0,0,0,0,0,0,0
105911,Rômulo,14,285,4,7,0,3.99,0.4,4.15,10,2.24,1.0,,,1.0,,,,,,,,,5.3,3.657142857142857,90.0,100.0,16,1,18,8,0,1,0,0,0,0,1,4,0,0,0,0,0,0,0
106882,Edinho,14,266,4,6,0,2.0,0.0,0.0,0,2.54,,,,,,,,,,,,,,,0.0,0.0,0,0,0,0,0,0,0,0,0,0,0,0,0,0,0,0,0,0,0
104420,Reinaldo,14,293,5,6,0,2.39,0.0,1.7,1,2.83,,,,,,,,,,,,,,,21.0,21.0,0,0,1,1,0,0,0,0,0,0,0,1,0,0,0,0,0,0,0
87603,Mateus Pasinato,14,327,1,6,0,2.93,0.03,2.86,7,0.73,,1.0,,,27.0,12.0,,,,,,,2.375,2.625,102.0,101.0,2,0,0,0,0,0,0,0,0,0,1,0,0,0,0,0,0,0,0
123359,Cadu,14,282,5,6,0,0.95,0.0,1.2,1,0.86,,,,,,,,,,,,,,,17.0,17.0,0,0,1,0,0,0,0,0,0,0,0,0,0,0,0,0,0,0,0
123713,Luis Guilherme,14,275,4,7,0,1.79,0.0,1.39,8,0.37,1.0,,,2.0,,,,,,,,,1.5750000000000002,1.2,32.0,8.0,9,0,2,2,0,1,0,0,0,0,0,1,0,0,0,0,0,0,0
121821,Murillo,14,264,3,6,0,2.97,0.79,2.42,10,4.41,,2.0,,,,,,,,,,,2.68,2.16,98.0,98.0,2,0,13,8,0,1,0,0,0,0,2,1,0,0,0,0,0,0,0
105845,Matheus Araújo,14,264,4,6,0,5.73,0.0,2.33,7,1.07,,,,,,,,,,,,,3.5000000000000004,0.7666666666666667,46.0,51.0,7,1,4,4,0,1,0,0,0,0,0,0,0,0,0,0,0,0,0
118501,Zé Welinton,14,262,2,6,0,1.0,0.0,0.0,0,1.12,,,,,,,,,,,,,,,0.0,0.0,0,0,0,0,0,0,0,0,0,0,0,0,0,0,0,0,0,0,0
115671,Mila,14,284,4,6,0,0.94,0.0,0.48,6,2.0,,,,,,,,,,,,,0.375,0.7000000000000001,51.0,52.0,3,0,4,10,0,0,0,0,0,0,2,2,0,0,0,0,0,0,0
123717,Zé Guilherme,14,284,2,6,0,1.0,0.0,0.0,0,1.12,,,,,,,,,,,,,,,0.0,0.0,0,0,0,0,0,0,0,0,0,0,0,0,0,0,0,0,0,0,0
109102,Daniel Martins,14,293,4,6,0,1.0,0.0,0.0,0,1.12,,,,,,,,,,,,,,,0.0,0.0,0,0,0,0,0,0,0,0,0,0,0,0,0,0,0,0,0,0,0
81905,Henrique Dourado,14,283,5,6,0,4.5,0.0,2.08,10,0.25,1.0,,,7.0,,,,,,,,,0.9833333333333333,3.7249999999999996,40.0,5.0,9,1,3,12,0,2,0,0,0,0,2,7,0,0,0,0,0,0,0
40990,Dorival Júnior,14,276,6,7,0,11.36,-0.12,5.46,13,4.15,,,,,,,,,,,,6.0,,,,,0,0,0,0,0,0,0,0,0,0,0,0,0,0,0,0,0,0,0
105909,Vinicius Mingotti,14,265,5,6,0,2.55,-0.48,2.07,8,0.56,,,,5.0,,,,,,,,,1.2333333333333334,2.58,50.0,72.0,6,1,3,7,0,4,0,0,0,0,1,1,0,0,0,0,0,0,0
121766,Paulinho,14,267,2,6,0,1.0,0.0,0.0,0,1.12,,,,,,,,,,,,,,,0.0,0.0,0,0,0,0,0,0,0,0,0,0,0,0,0,0,0,0,0,0,0
111644,Gustavo Vilar,14,294,3,6,0,1.32,0.0,0.0,1,1.57,,,,,,,,,,,,,,,96.0,96.0,0,0,0,0,0,0,0,0,0,0,0,0,0,0,0,0,0,0,0
104640,Matheus Bianqui,14,294,4,7,0,2.97,0.0,1.22,7,2.95,,,,2.0,,,,,,,,,0.65,1.44,35.0,103.0,5,0,8,8,0,1,0,0,0,0,3,1,0,0,0,0,0,0,0
41327,Vanderlei Luxemburgo,14,264,6,6,0,8.22,1.03,4.46,11,5.81,,,,,,,,,,,,3.0,,,,,0,0,0,0,0,0,0,0,0,0,0,0,0,0,0,0,0,0,0
122398,Adryan,14,264,4,6,0,1.0,0.0,0.0,0,1.12,,,,,,,,,,,,,,,0.0,0.0,0,0,0,0,0,0,0,0,0,0,0,0,0,0,0,0,0,0,0
111891,Guilherme Biro,14,264,4,6,0,3.99,0.0,3.34,5,4.21,,,,1.0,,,,,,,,,4.133333333333333,2.1500000000000004,69.0,61.0,12,0,6,6,0,2,0,0,0,0,1,5,0,0,0,0,0,0,0
104424,Felipe Scheibig,14,284,1,6,0,1.0,0.0,0.0,0,1.12,,,,,,,,,,,,,,,0.0,0.0,0,0,0,0,0,0,0,0,0,0,0,0,0,0,0,0,0,0,0
111408,Felipe Augusto,14,264,5,6,0,1.21,-0.08,0.24,5,-0.18,,,,1.0,,,,,,,,,0.5,-0.15,13.0,5.0,1,0,1,4,0,0,0,0,0,0,0,1,0,0,0,0,0,0,0
111309,Gustavo Martins,14,284,3,6,0,3.73,0.0,3.24,7,7.07,,1.0,,2.0,,,,,,,,,2.25,4.566666666666666,59.0,100.0,0,1,9,7,0,2,0,0,0,0,2,1,0,0,0,0,0,0,0
111763,JP Galvão,14,263,4,6,0,1.0,0.0,0.0,0,1.12,,,,,,,,,,,,,,,0.0,0.0,0,0,0,0,0,0,0,0,0,0,0,0,0,0,0,0,0,0,0
117459,Léo Maná,14,264,2,6,0,2.0,0.0,0.0,0,2.54,,,,,,,,,,,,,,,0.0,0.0,0,0,0,0,0,0,0,0,0,0,0,0,0,0,0,0,0,0,0
124674,Felipe Negrucci,14,276,4,6,0,1.0,0.0,0.0,0,1.12,,,,,,,,,,,,,,,0.0,0.0,0,0,0,0,0,0,0,0,0,0,0,0,0,0,0,0,0,0,0
106832,Pedro Vilhena,14,276,4,6,0,1.0,0.0,0.0,0,1.12,,,,,,,,,,,,,,,0.0,0.0,0,0,0,0,0,0,0,0,0,0,0,0,0,0,0,0,0,0,0
123054,Tiago Gomes,14,265,1,6,0,1.0,0.0,0.0,0,1.12,,,,,,,,,,,,,,,0.0,0.0,0,0,0,0,0,0,0,0,0,0,0,0,0,0,0,0,0,0,0
117403,Renato Marques,14,327,5,6,0,2.12,0.0,1.82,7,1.18,,,1.0,2.0,,,,,,,,,3.4000000000000004,-0.3,45.0,48.0,1,1,2,6,0,0,0,0,0,0,2,1,0,0,0,0,0,0,0
124699,Arielson,14,283,5,6,0,1.0,0.0,0.0,0,1.12,,,,,,,,,,,,,,,0.0,0.0,0,0,0,0,0,0,0,0,0,0,0,0,0,0,0,0,0,0,0
117909,Wesley,14,264,5,6,0,3.21,0.0,2.3,7,1.79,,,,,,,1.0,,,,,,1.725,3.0666666666666664,28.0,38.0,6,0,8,3,0,3,0,0,0,0,1,1,0,0,0,0,0,0,0
124690,Paulo Vitor,14,282,4,6,0,1.04,0.0,1.1,1,1.17,,,,,,,,,,,,,,,23.0,23.0,1,0,1,2,0,0,0,0,0,0,0,0,0,0,0,0,0,0,0
122293,Thiago Dombroski,14,294,3,6,0,0.71,0.0,1.08,4,-0.68,,1.0,,,,,,,,,,,1.9666666666666668,-1.6,75.0,86.0,1,0,3,6,0,0,0,0,0,0,3,0,0,0,0,0,0,0,0
122991,Breno,14,327,4,6,0,3.94,0.74,3.44,8,3.2,,,,,,,,,,,,,4.05,2.825,67.0,50.0,4,1,11,11,0,3,0,0,0,0,0,5,0,0,0,0,0,0,0
124698,Nolasco,14,290,3,6,0,1.0,0.0,0.0,0,1.12,,,,,,,,,,,,,,,0.0,0.0,0,0,0,0,0,0,0,0,0,0,0,0,0,0,0,0,0,0,0
107375,Dodô,14,290,4,6,0,2.46,0.0,1.52,6,7.17,,,,,,,,,,,,,3.033333333333333,0.0,22.0,31.0,0,1,2,1,0,0,0,0,0,0,1,0,0,0,0,0,0,0,0
111841,Arthur,14,266,4,6,0,1.04,0.0,1.2,1,0.99,,,,,,,,,,,,,,,14.0,14.0,0,0,1,0,0,0,0,0,0,0,0,0,0,0,0,0,0,0,0
111689,Bruno Guimarães,14,356,1,6,0,1.0,0.0,0.0,0,1.12,,,,,,,,,,,,,,,0.0,0.0,0,0,0,0,0,0,0,0,0,0,0,0,0,0,0,0,0,0,0
124701,Leandro,14,276,1,6,0,1.0,0.0,0.0,0,1.12,,,,,,,,,,,,,,,0.0,0.0,0,0,0,0,0,0,0,0,0,0,0,0,0,0,0,0,0,0,0
122419,Felipe,14,285,3,6,0,1.0,0.0,0.0,0,1.12,,,,,,,,,,,,,,,0.0,0.0,0,0,0,0,0,0,0,0,0,0,0,0,0,0,0,0,0,0,0
124267,Rangel,14,285,2,6,0,1.0,0.0,0.0,0,1.12,,,,,,,,,,,,,,,0.0,0.0,0,0,0,0,0,0,0,0,0,0,0,0,0,0,0,0,0,0,0
122486,Rayan,14,267,5,6,0,2.24,-0.01,3.12,5,0.55,,,,,,,,,,,,,0.6666666666666666,6.8,56.0,39.0,2,1,3,2,0,2,0,0,0,0,2,4,0,0,0,0,0,0,0
123725,Arthur Zanella,14,293,3,6,0,1.0,0.0,0.0,0,1.12,,,,,,,,,,,,,,,0.0,0.0,0,0,0,0,0,0,0,0,0,0,0,0,0,0,0,0,0,0,0
118563,Rodriguinho,14,276,4,6,0,1.24,0.07,0.67,8,1.55,1.0,,,,,,,,,,,,0.25,1.075,30.0,32.0,1,0,5,10,0,0,0,0,0,0,2,1,0,0,0,0,0,0,0
124728,João Henrique,14,266,2,6,0,1.0,0.0,0.0,0,1.12,,,,,,,,,,,,,,,0.0,0.0,0,0,0,0,0,0,0,0,0,0,0,0,0,0,0,0,0,0,0
107186,Vinicius Kauê,14,293,2,6,0,0.97,0.06,1.0,2,0.84,,,,,,,,,,,,,0.0,1.0,53.0,63.0,0,0,3,2,0,0,0,0,0,0,1,0,0,0,0,0,0,0,0
118701,Kevyson,14,277,2,6,0,1.31,0.17,2.2,2,1.7,,,,,,,,,1.0,,,,2.3,2.1,81.0,111.0,0,0,5,2,0,0,0,0,0,0,0,0,0,0,0,0,0,0,0
121235,Simioni,14,290,4,6,0,1.0,0.0,0.0,0,1.12,,,,,,,,,,,,,,,0.0,0.0,0,0,0,0,0,0,0,0,0,0,0,0,0,0,0,0,0,0,0
121238,Wendell,14,290,5,6,0,1.0,0.0,0.0,0,1.12,,,,,,,,,,,,,,,0.0,0.0,0,0,0,0,0,0,0,0,0,0,0,0,0,0,0,0,0,0,0
116065,Cuiabano,14,284,2,6,0,4.06,-0.1,2.74,7,0.23,,,,1.0,,,,,,,,,1.4250000000000003,4.5,46.0,24.0,6,1,6,13,0,3,0,0,0,0,1,3,0,0,0,0,0,0,0
117818,Young,14,276,1,6,0,1.0,0.0,0.0,0,1.12,,,,,,,,,,,,,,,0.0,0.0,0,0,0,0,0,0,0,0,0,0,0,0,0,0,0,0,0,0,0
124757,Nathan Fernandes,14,284,5,6,0,0.71,0.0,-0.15,2,1.15,,,,,,,,,,,,,-0.3,0.0,12.0,11.0,0,0,0,1,0,0,0,0,0,0,0,0,0,0,0,0,0,0,0
115997,Mateus Henrique,14,327,4,6,0,0.93,0.0,0.85,2,1.41,,,,,,,,,,,,,1.6,0.1,52.0,23.0,3,0,2,4,0,0,0,0,0,0,1,0,0,0,0,0,0,0,0
124821,Kauã Elias,14,266,5,6,0,1.0,0.0,0.0,0,1.12,,,,,,,,,,,,,,,0.0,0.0,0,0,0,0,0,0,0,0,0,0,0,0,0,0,0,0,0,0,0
49675,Alexandre Pato,14,276,5,6,0,3.59,-1.41,0.0,1,0.04,,,,,,,,,,,,,0.0,0.0,16.0,16.0,0,0,0,0,0,0,0,0,0,0,0,0,0,0,0,0,0,0,0
124758,Gustavo Henrique,14,280,3,6,0,1.0,0.0,0.0,0,1.12,,,,,,,,,,,,,,,0.0,0.0,0,0,0,0,0,0,0,0,0,0,0,0,0,0,0,0,0,0,0
124830,Lian,14,284,5,6,0,0.72,0.0,0.0,1,0.72,,,,,,,,,,,,,0.0,0.0,12.0,12.0,0,0,0,0,0,0,0,0,0,0,0,0,0,0,0,0,0,0,0
111652,Rodrigo Varanda,14,327,5,6,0,1.97,0.44,1.2,4,1.92,,,,,,,,,,,,,0.8500000000000001,1.55,55.0,101.0,1,0,1,3,0,2,0,0,0,0,0,2,0,0,0,0,0,0,0
122441,Kayky Almeida,14,266,3,6,0,1.0,0.0,0.0,0,1.12,,,,,,,,,,,,,,,0.0,0.0,0,0,0,0,0,0,0,0,0,0,0,0,0,0,0,0,0,0,0
118676,Weslley Patati,14,277,5,6,0,2.22,0.0,3.6,1,2.29,,,,,,,,,,,,,,,15.0,15.0,0,0,3,0,0,0,0,0,0,0,0,0,0,0,0,0,0,0,0
111945,Diego Hernández,14,263,4,6,0,7.0,0.0,0.0,0,9.64,,,,,,,,,,,,,,,0.0,0.0,0,0,0,0,0,0,0,0,0,0,0,0,0,0,0,0,0,0,0
124834,Ruan Assis,14,294,4,6,0,2.04,0.0,2.07,3,1.01,,,1.0,,,,,,,,,,0.0,3.1,15.0,7.0,0,0,0,0,0,1,0,0,0,0,0,0,0,0,0,0,0,0,0
110602,Paulo Mazoti,14,277,1,6,0,1.0,0.0,0.0,0,1.12,,,,,,,,,,,,,,,0.0,0.0,0,0,0,0,0,0,0,0,0,0,0,0,0,0,0,0,0,0,0
110668,Esquivel,14,293,2,7,0,2.7,-0.3,2.4,1,1.78,,,,,,,,,,,,,0.0,2.4,39.0,39.0,0,0,2,0,0,0,0,0,0,0,0,0,0,0,0,0,0,0,0
124917,Rafa Barcelos,14,327,4,6,0,1.0,0.0,0.0,0,1.12,,,,,,,,,,,,,,,0.0,0.0,0,0,0,0,0,0,0,0,0,0,0,0,0,0,0,0,0,0,0
102290,Gabriel Mesquita,14,283,1,6,0,0.7,0.0,-1.0,0,0.85,,,,,,,,,,,,,,,0.0,0.0,0,0,0,0,0,0,0,0,0,0,1,0,0,0,0,0,0,0,0
113295,Júlio,14,327,3,6,0,4.79,0.0,9.7,1,5.0,,1.0,1.0,,,,,,,,,,,,22.0,22.0,0,0,0,1,0,0,0,0,0,0,0,0,0,0,0,0,0,0,0
125000,Wesley Costa,14,284,2,6,0,1.0,0.0,0.0,0,1.12,,,,,,,,,,,,,,,0.0,0.0,0,0,0,0,0,0,0,0,0,0,0,0,0,0,0,0,0,0,0
91971,Wesley Carvalho,14,293,6,7,0,9.98,-0.58,4.91,4,1.22,,,,,,,,,,,,1.0,,,,,0,0,0,0,0,0,0,0,0,0,0,0,0,0,0,0,0,0,0
114497,Juan Tavares,14,1371,2,6,0,1.0,0.0,0.0,0,1.12,,,,,,,,,,,,,,,0.0,0.0,0,0,0,0,0,0,0,0,0,0,0,0,0,0,0,0,0,0,0
70788,Enner Valencia,14,285,5,7,0,8.6,-3.4,-0.1,1,1.23,,,,,,,,,,,,,0.0,-0.1,49.0,49.0,1,0,0,2,0,0,0,0,0,0,0,0,0,0,0,0,0,0,0
92855,Palacios,14,283,2,7,0,4.0,0.0,0.0,0,4.38,,,,,,,,,,,,,,,0.0,0.0,0,0,0,0,0,0,0,0,0,0,0,0,0,0,0,0,0,0,0
124918,Renato,14,264,3,6,0,1.0,0.0,0.0,0,1.12,,,,,,,,,,,,,,,0.0,0.0,0,0,0,0,0,0,0,0,0,0,0,0,0,0,0,0,0,0,0
122378,Lyncon,14,267,3,6,0,1.0,0.0,0.0,0,1.12,,,,,,,,,,,,,,,0.0,0.0,0,0,0,0,0,0,0,0,0,0,0,0,0,0,0,0,0,0,0
125081,Armando Evangelista,14,290,6,7,0,8.44,0.31,4.7,4,3.13,,,,,,,,,,,,1.0,,,,,0,0,0,0,0,0,0,0,0,0,0,0,0,0,0,0,0,0,0
125467,Viery,14,284,3,6,0,1.0,0.0,0.0,0,1.12,,,,,,,,,,,,,,,0.0,0.0,0,0,0,0,0,0,0,0,0,0,0,0,0,0,0,0,0,0,0
43618,Luiz Felipe Scolari,14,282,6,7,0,8.86,-0.18,3.16,4,1.92,,,,,,,,,,,,,,,,,0,0,0,0,0,0,0,0,0,0,0,0,0,0,0,0,0,0,0
125469,Alisson,14,282,5,6,0,0.72,-0.28,-0.3,1,-0.18,,,,,,,,,,,,,-0.3,0.0,19.0,19.0,0,0,0,1,0,0,0,0,0,0,0,0,0,0,0,0,0,0,0
118709,Calebe,14,1371,4,6,0,1.0,0.0,0.0,0,1.12,,,,,,,,,,,,,,,0.0,0.0,0,0,0,0,0,0,0,0,0,0,0,0,0,0,0,0,0,0,0
125050,Robert,14,283,5,7,0,0.72,-0.28,-0.3,1,-0.18,,,,,,,,,,,,,0.0,-0.3,36.0,36.0,1,0,0,2,0,0,0,0,0,0,1,1,0,0,0,0,0,0,0
125470,Thiago Kosloski,14,294,6,7,0,8.49,1.22,6.46,2,3.84,,,,,,,,,,,,2.0,,,,,0,0,0,0,0,0,0,0,0,0,0,0,0,0,0,0,0,0,0
83817,Clayson,14,1371,5,7,0,4.38,-1.62,0.2,1,0.19,,,,,,,,,,,,,0.2,0.0,38.0,38.0,1,0,0,1,0,0,0,0,0,0,0,0,0,0,0,0,0,0,0
125487,Gabriel Moscardo,14,264,4,6,0,2.41,0.98,2.65,2,2.58,,,,,,,,,,,,,1.7,3.6,76.0,85.0,0,0,6,3,0,0,0,0,0,0,1,0,0,0,0,0,0,0,0
125471,Serginho,14,267,5,6,0,3.34,-0.66,1.4,1,1.06,,,,,,,,,,,,,1.4,0.0,73.0,73.0,1,0,1,1,0,0,0,0,0,0,0,0,0,0,0,0,0,0,0
122396,Ryan,14,264,4,6,0,1.0,0.0,0.0,0,1.12,,,,,,,,,,,,,,,0.0,0.0,0,0,0,0,0,0,0,0,0,0,0,0,0,0,0,0,0,0,0
63024,Fransérgio,14,294,4,6,0,4.36,-0.64,2.3,1,1.71,,,,,,,,,,,,,2.3,0.0,76.0,76.0,0,0,1,3,0,1,0,0,0,0,0,1,0,0,0,0,0,0,0
82627,Luiz Araújo,14,262,5,6,0,6.05,-1.95,0.9,1,0.69,,,,,,,,,,,,,0.0,0.9,52.0,52.0,0,0,1,1,0,0,0,0,0,0,0,0,0,0,0,0,0,0,0
121752,Pablo,14,1371,5,6,0,1.0,0.0,0.0,0,1.12,,,,,,,,,,,,,,,0.0,0.0,0,0,0,0,0,0,0,0,0,0,0,0,0,0,0,0,0,0,0
39656,Alan Franco,14,282,4,6,0,5.0,0.0,0.0,0,6.8,,,,,,,,,,,,,,,0.0,0.0,0,0,0,0,0,0,0,0,0,0,0,0,0,0,0,0,0,0,0
118843,Jacob Montes,14,263,4,6,0,3.0,0.0,0.0,0,3.96,,,,,,,,,,,,,,,0.0,0.0,0,0,0,0,0,0,0,0,0,0,0,0,0,0,0,0,0,0,0
99552,Rossi,14,262,1,6,0,7.0,0.0,0.0,0,9.64,,,,,,,,,,,,,,,0.0,0.0,0,0,0,0,0,0,0,0,0,0,0,0,0,0,0,0,0,0,0
102975,Escobar,14,356,2,6,0,4.0,0.0,0.0,0,5.38,,,,,,,,,,,,,,,0.0,0.0,0,0,0,0,0,0,0,0,0,0,0,0,0,0,0,0,0,0,0
125551,Jean Gabriel,14,294,4,6,0,1.0,0.0,0.0,0,1.12,,,,,,,,,,,,,,,0.0,0.0,0,0,0,0,0,0,0,0,0,0,0,0,0,0,0,0,0,0,0
80583,Lucas Lima,14,277,4,7,0,7.71,0.67,3.74,14,4.05,,,3.0,3.0,,,,,,,,,4.975000000000001,2.1,87.0,73.0,19,1,21,26,0,2,0,0,0,0,2,3,0,0,0,0,0,0,0
110750,Gustavo Marques,14,327,3,6,0,2.0,0.0,0.0,0,0.04,,,,,,,,,,,,,,,0.0,0.0,0,0,0,0,0,0,0,0,0,0,0,0,0,0,0,0,0,0,0
90634,Lucas Mineiro,14,1371,4,6,0,4.0,0.0,0.0,0,0.04,,,,,,,,,,,,,,,0.0,0.0,0,0,0,0,0,0,0,0,0,0,0,0,0,0,0,0,0,0,0
87391,Allano,14,290,5,6,0,3.0,0.0,0.0,0,0.04,,,,,,,,,,,,,,,0.0,0.0,0,0,0,0,0,0,0,0,0,0,0,0,0,0,0,0,0,0,0
90120,Edu,14,294,5,6,0,6.0,0.0,0.0,0,0.04,,,,,,,,,,,,,,,0.0,0.0,0,0,0,0,0,0,0,0,0,0,0,0,0,0,0,0,0,0,0
105914,Cadu Silva,14,277,2,6,0,0.71,0.0,0.0,1,0.71,,,,,,,,,,,,,0.0,0.0,22.0,22.0,0,0,0,0,0,0,0,0,0,0,0,0,0,0,0,0,0,0,0
102096,Anderson Oliveira,14,290,5,7,0,2.67,-0.33,1.2,1,0.86,,,,,,,,,,,,,0.0,1.2,76.0,76.0,2,0,0,2,0,0,0,0,0,0,0,1,0,0,0,0,0,0,0
97908,Luís Oyama,14,290,4,7,0,4.7,-1.3,0.9,1,0.66,,,,,,,,,,,,,0.0,0.9,58.0,58.0,2,0,1,1,0,0,0,0,0,0,1,0,0,0,0,0,0,0,0
72134,Iturbe,14,284,5,6,0,6.0,0.0,0.0,0,0.04,,,,,,,,,,,,,,,0.0,0.0,0,0,0,0,0,0,0,0,0,0,0,0,0,0,0,0,0,0,0
108715,João Magno,14,290,5,7,0,4.89,2.89,8.0,1,5.5,,,,2.0,,,,,,,,,0.0,8.0,58.0,58.0,0,1,0,2,0,0,0,0,0,0,0,1,0,0,0,0,0,0,0
125746,Dudu,14,293,4,6,0,1.0,0.0,0.0,0,0.04,,,,,,,,,,,,,,,0.0,0.0,0,0,0,0,0,0,0,0,0,0,0,0,0,0,0,0,0,0,0
97080,Yony González,14,266,5,6,0,5.0,0.0,0.0,0,0.04,,,,,,,,,,,,,,,0.0,0.0,0,0,0,0,0,0,0,0,0,0,0,0,0,0,0,0,0,0,0
107191,Leonardo Ataíde,14,293,2,6,0,1.0,0.0,0.0,0,0.04,,,,,,,,,,,,,,,0.0,0.0,0,0,0,0,0,0,0,0,0,0,0,0,0,0,0,0,0,0,0
116000,Wallison,14,263,2,6,0,1.0,0.0,0.0,0,0.04,,,,,,,,,,,,,,,0.0,0.0,0,0,0,0,0,0,0,0,0,0,0,0,0,0,0,0,0,0,0
115273,Emersonn,14,293,5,6,0,1.0,0.0,0.0,0,0.04,,,,,,,,,,,,,,,0.0,0.0,0,0,0,0,0,0,0,0,0,0,0,0,0,0,0,0,0,0,0
125803,Pedro Morisco,14,294,1,6,0,1.0,0.0,0.0,0,0.04,,,,,,,,,,,,,,,0.0,0.0,0,0,0,0,0,0,0,0,0,0,0,0,0,0,0,0,0,0,0
123648,Lucas Ronier,14,294,5,6,0,1.0,0.0,0.0,0,0.04,,,,,,,,,,,,,,,0.0,0.0,0,0,0,0,0,0,0,0,0,0,0,0,0,0,0,0,0,0,0
125804,Rafael Reis,14,266,2,6,0,1.0,0.0,0.0,0,0.04,,,,,,,,,,,,,,,0.0,0.0,0,0,0,0,0,0,0,0,0,0,0,0,0,0,0,0,0,0,0
95878,Tobias Figueiredo,14,356,3,6,0,5.0,0.0,0.0,0,,,,,,,,,,,,,,,,,,0,0,0,0,0,0,0,0,0,0,0,0,0,0,0,0,0,0,0
108131,Garcez,14,294,5,6,0,4.0,0.0,0.0,0,,,,,,,,,,,,,,,,,,0,0,0,0,0,0,0,0,0,0,0,0,0,0,0,0,0,0,0
99588,Paulo Vitor,14,283,5,6,0,2.67,-0.33,1.2,1,0.86,,,,,,,,,,,,,0.0,1.2,53.0,53.0,0,0,0,0,0,1,0,0,0,0,0,0,0,0,0,0,0,0,0
69355,Medel,14,267,4,6,0,6.0,0.0,0.0,0,,,,,,,,,,,,,,,,,,0,0,0,0,0,0,0,0,0,0,0,0,0,0,0,0,0,0,0
103987,Higor Meritão,14,290,4,6,0,2.0,0.0,0.0,0,0.04,,,,,,,,,,,,,,,0.0,0.0,0,0,0,0,0,0,0,0,0,0,0,0,0,0,0,0,0,0,0
80313,Gilberto,14,265,2,6,0,7.0,0.0,0.0,0,,,,,,,,,,,,,,,,,,0,0,0,0,0,0,0,0,0,0,0,0,0,0,0,0,0,0,0
94007,Matías Rojas,14,264,4,6,0,8.0,0.0,0.0,0,,,,,,,,,,,,,,,,,,0,0,0,0,0,0,0,0,0,0,0,0,0,0,0,0,0,0,0
80538,Marlon,14,266,3,3,0,7.0,0.0,0.0,0,,,,,,,,,,,,,,,,,,0,0,0,0,0,0,0,0,0,0,0,0,0,0,0,0,0,0,0
105949,Rochet,14,285,1,6,0,7.0,0.0,0.0,0,,,,,,,,,,,,,,,,,,0,0,0,0,0,0,0,0,0,0,0,0,0,0,0,0,0,0,0
111017,Leo Fernández,14,266,4,6,0,5.0,0.0,0.0,0,0.04,,,,,,,,,,,,,,,0.0,0.0,0,0,0,0,0,0,0,0,0,0,0,0,0,0,0,0,0,0,0
100085,Pedro Augusto,14,356,4,6,0,3.0,0.0,0.0,0,,,,,,,,,,,,,,,,,,0,0,0,0,0,0,0,0,0,0,0,0,0,0,0,0,0,0,0
125992,Diogo Oliveira,14,294,5,6,0,2.0,0.0,0.0,0,,,,,,,,,,,,,,,,,,0,0,0,0,0,0,0,0,0,0,0,0,0,0,0,0,0,0,0
100333,Paulinho Bóia,14,327,5,6,0,4.0,0.0,0.0,0,,,,,,,,,,,,,,,,,,0,0,0,0,0,0,0,0,0,0,0,0,0,0,0,0,0,0,0
117336,Cipriano,14,280,3,6,0,2.0,0.0,0.0,0,,,,,,,,,,,,,,,,,,0,0,0,0,0,0,0,0,0,0,0,0,0,0,0,0,0,0,0
110947,Gustavo Apis,14,266,4,6,0,2.0,0.0,0.0,0,2.54,,,,,,,,,,,,,,,0.0,0.0,0,0,0,0,0,0,0,0,0,0,0,0,0,0,0,0,0,0,0
92075,Ramón Díaz,14,267,6,6,0,8.37,0.0,0.0,0,,,,,,,,,,,,,,,,,,0,0,0,0,0,0,0,0,0,0,0,0,0,0,0,0,0,0,0
126013,Ythallo,14,276,3,6,0,1.0,0.0,0.0,0,,,,,,,,,,,,,,,,,,0,0,0,0,0,0,0,0,0,0,0,0,0,0,0,0,0,0,0
96966,Arthur Gomes,14,283,5,6,0,5.0,0.0,0.0,0,,,,,,,,,,,,,,,,,,0,0,0,0,0,0,0,0,0,0,0,0,0,0,0,0,0,0,0
87258,Soteldo,14,277,5,6,0,9.24,0.0,5.53,7,6.0,1.0,,2.0,1.0,,,,1.0,,,,,6.45,4.3,76.0,71.0,22,0,8,2,0,4,0,0,0,0,0,5,0,0,0,0,0,0,0
98723,Carabajal,14,267,4,6,0,3.51,-0.11,2.28,4,0.38,,,1.0,,,,,,,,,,1.05,3.5,30.0,30.0,2,0,2,3,0,0,0,0,0,0,0,2,0,0,0,0,0,0,0
99119,Lucas Braga,14,277,5,7,0,3.48,0.36,1.38,6,1.56,,,,3.0,,,,,,,,,2.4333333333333336,0.3333333333333333,65.0,106.0,8,0,5,4,0,0,0,0,0,0,1,1,0,0,0,0,0,0,0
87402,Messias,14,277,3,7,0,7.72,0.81,3.64,14,2.88,,5.0,,1.0,,,,,1.0,,,,4.1375,2.966666666666667,98.0,111.0,6,0,20,10,0,2,0,0,0,0,1,2,0,0,0,0,0,0,0
99214,Rodrigo Fernández,14,277,4,3,0,5.04,0.73,2.17,13,2.5,,,,,,,,,,,,,3.1999999999999997,0.9666666666666667,75.0,111.0,8,1,21,30,0,1,0,0,0,0,6,6,0,0,0,0,0,0,0
104580,Sandry,14,277,4,7,0,3.19,0.24,1.0,4,1.71,,,,,,,,,,,,,0.9333333333333332,1.2,40.0,77.0,1,0,4,1,0,0,0,0,0,0,1,0,0,0,0,0,0,0,0
107676,Nathan,14,277,2,6,0,8.82,0.0,4.29,7,4.4,,3.0,,,,,,,,,,,3.0,5.25,79.0,50.0,1,0,16,9,0,0,0,0,0,0,2,0,0,0,0,0,0,0,0
109497,Marcos Leonardo,14,277,5,7,0,13.42,3.85,6.3,9,16.27,,,2.0,4.0,,,,,,,,,7.980000000000001,4.2,90.0,73.0,14,3,2,15,0,8,0,0,0,0,1,12,0,0,0,0,0,0,0
106822,Rodrigo Nestor,14,276,4,7,0,8.07,-0.46,3.46,11,0.06,1.0,,,3.0,,,,1.0,,,,,3.816666666666667,3.0399999999999996,71.0,33.0,8,1,15,18,0,7,0,0,0,0,1,8,0,0,0,0,0,0,0
110605,Vinícius Balieiro,14,277,4,6,0,1.59,-0.4,-0.3,2,-0.18,,,,,,,,,,,,,-0.3,0.0,41.0,34.0,0,0,0,2,0,0,0,0,0,0,0,0,0,0,0,0,0,0,0
101600,Alex,14,277,3,6,0,3.0,0.0,0.0,0,3.96,,,,,,,,,,,,,,,0.0,0.0,0,0,0,0,0,0,0,0,0,0,0,0,0,0,0,0,0,0,0
109563,Joaquim,14,277,3,7,0,8.54,0.27,4.14,11,2.41,,4.0,,,,,1.0,,,,,,4.083333333333333,4.18,101.0,111.0,6,0,15,8,0,3,0,0,0,0,1,4,0,0,0,0,0,0,0
104257,João Lucas,14,277,2,7,0,6.58,2.12,6.27,6,10.06,,2.0,1.0,,,,,,,,,,6.6000000000000005,5.933333333333334,65.0,111.0,6,0,15,4,0,1,0,0,0,0,0,2,0,0,0,0,0,0,0
118747,Ed Carlos,14,277,4,6,0,2.0,0.0,0.5,4,0.75,,,,,,,,,,,,,,,16.0,17.0,0,0,1,0,0,0,0,0,0,0,0,1,0,0,0,0,0,0,0
72372,Felipe Alves,14,276,1,6,0,6.0,0.0,0.0,0,8.22,,,,,,,,,,,,,,,0.0,0.0,0,0,0,0,0,0,0,0,0,0,0,0,0,0,0,0,0,0,0
101708,Felipe Jonatan,14,277,2,5,0,6.06,0.0,2.4,1,7.93,,,,,,,,,,,,,,,105.0,105.0,0,0,2,0,0,0,0,0,0,0,0,0,0,0,0,0,0,0,0
38144,Rafinha,14,276,2,7,0,8.26,0.0,3.95,11,7.38,,3.0,1.0,,,,,,1.0,,1.0,,4.116666666666666,3.7400000000000007,88.0,101.0,12,0,21,6,0,0,0,0,0,0,2,0,0,0,0,0,0,0,0
91573,Arboleda,14,276,3,7,0,9.12,0.13,4.59,9,3.33,1.0,4.0,,3.0,,,,,,,,,6.375,3.16,92.0,16.0,4,0,13,2,0,0,0,0,0,0,0,2,0,0,0,0,0,0,0
81845,Alisson,14,276,4,7,0,5.81,0.26,2.76,14,2.84,,,2.0,1.0,,,,,,,,,3.2285714285714286,2.314285714285714,57.0,64.0,9,0,19,14,0,1,0,0,0,0,1,7,0,0,0,0,0,0,0
89840,Calleri,14,276,5,7,0,14.99,0.0,5.79,11,4.58,,,2.0,9.0,,,,,,,,,6.6166666666666645,4.78,89.0,102.0,29,4,3,28,0,7,0,0,0,0,2,8,0,0,0,0,0,0,0
90309,David,14,276,5,6,0,3.6,-0.68,2.35,7,0.72,,,1.0,2.0,,,,,,,,,4.733333333333333,0.55,36.0,81.0,5,1,2,3,0,0,0,0,0,0,2,2,0,0,0,0,0,0,0
82766,Wellington Rato,14,276,4,7,0,5.74,-0.28,2.24,13,0.61,,,2.0,2.0,,,,,,,,,2.1833333333333336,2.2857142857142856,54.0,32.0,6,0,10,7,0,3,0,0,0,0,2,6,0,0,0,0,0,0,0
68928,Rafael,14,276,1,7,0,8.49,0.0,3.61,13,5.1,,4.0,,,39.0,13.0,,,,,,,4.785714285714286,2.25,101.0,101.0,2,0,0,0,0,0,0,0,0,0,0,0,0,0,0,0,0,0,0
114374,Lucas Pires,14,277,2,6,0,7.67,0.0,4.49,9,2.12,,3.0,,2.0,,,,,,,,,4.757142857142857,3.55,75.0,100.0,9,0,16,5,0,3,0,0,0,0,1,1,0,0,0,0,0,0,0
86508,Jandrei,14,276,1,6,0,5.26,0.26,9.0,1,6.58,,1.0,,,4.0,,,,,,,,0.0,9.0,97.0,97.0,0,0,0,0,0,0,0,0,0,0,0,0,0,0,0,0,0,0,0
112886,Lucas Barbosa,14,277,4,6,0,4.91,0.0,3.13,4,2.12,,,,,,,,,,,,,1.5,4.75,30.0,11.0,1,0,10,4,0,1,0,0,0,0,0,0,0,0,0,0,0,0,0
98976,Gabriel,14,276,4,5,0,4.22,0.0,2.15,11,3.11,,,,,,,,,,,,,2.7571428571428567,1.1,55.0,61.0,1,1,18,8,0,0,0,0,0,0,4,0,0,0,0,0,0,0,0
101728,Diego Costa,14,276,3,7,0,5.26,1.04,2.4,6,5.41,,2.0,,,,,,,,,,,0.5,4.3,72.0,97.0,0,0,4,8,0,1,0,0,0,0,0,1,0,0,0,0,0,0,0
95466,Igor Vinícius,14,276,2,5,0,6.0,0.0,0.0,0,8.22,,,,,,,,,,,,,,,0.0,0.0,0,0,0,0,0,0,0,0,0,0,0,0,0,0,0,0,0,0,0
102318,Caio Paulista,14,276,2,7,0,9.37,0.0,4.54,12,2.09,,3.0,2.0,,,,,,,,,,4.8,4.283333333333333,88.0,89.0,18,0,9,9,0,8,0,0,0,0,2,6,0,0,0,0,0,0,0
102909,Luan,14,276,4,7,0,3.09,0.0,0.77,6,1.21,,,,,,,,,,,,,0.925,0.44999999999999996,46.0,48.0,1,0,4,5,0,0,0,0,0,0,0,1,0,0,0,0,0,0,0
100103,Pedrinho,14,327,5,6,0,5.27,-1.73,1.3,1,0.99,,,,,,,,,,,,,0.0,1.3,34.0,34.0,1,0,0,0,0,0,0,0,0,0,0,1,0,0,0,0,0,0,0
106824,Welington,14,276,2,7,0,7.0,0.0,0.0,0,9.64,,,,,,,,,,,,,,,0.0,0.0,0,0,0,0,0,0,0,0,0,0,0,0,0,0,0,0,0,0,0
106803,André Anderson,14,276,4,6,0,3.0,0.0,0.0,0,3.96,,,,,,,,,,,,,,,0.0,0.0,0,0,0,0,0,0,0,0,0,0,0,0,0,0,0,0,0,0,0
113359,Pablo Maia,14,276,4,7,0,6.07,0.0,3.28,12,3.16,,,,,,,,1.0,,,,,4.933333333333334,1.6333333333333335,90.0,101.0,3,2,18,23,0,6,0,0,0,0,1,5,0,0,0,0,0,0,0
94786,Jhegson Méndez,14,276,4,7,0,4.74,0.77,2.12,5,3.51,,,,,,,,,,,,,1.7999999999999998,2.3333333333333335,54.0,97.0,1,0,10,3,0,0,0,0,0,0,1,0,0,0,0,0,0,0,0
112136,Lucas Beraldo,14,276,3,5,0,6.79,0.0,4.15,10,3.92,,2.0,,,,,,,,,,,5.1,2.725,101.0,102.0,7,1,16,6,0,1,0,0,0,0,1,3,0,0,0,0,0,0,0
105300,Ferraresi,14,276,3,5,0,6.0,0.0,0.0,0,8.22,,,,,,,,,,,,,,,0.0,0.0,0,0,0,0,0,0,0,0,0,0,0,0,0,0,0,0,0,0,0
118752,Mateus Carvalho,14,267,4,6,0,2.6,0.03,1.8,5,1.11,,,,,,,,,,,,,1.7,1.95,65.0,73.0,6,0,8,12,0,1,0,0,0,0,2,1,0,0,0,0,0,0,0
116137,João Moreira,14,276,2,6,0,3.0,0.0,0.0,0,3.96,,,,,,,,,,,,,,,0.0,0.0,0,0,0,0,0,0,0,0,0,0,0,0,0,0,0,0,0,0,0
106830,Talles Costa,14,276,4,6,0,3.0,0.0,0.0,0,3.96,,,,,,,,,,,,,,,0.0,0.0,0,0,0,0,0,0,0,0,0,0,0,0,0,0,0,0,0,0,0
99889,Alan Franco,14,276,3,6,0,4.97,0.0,2.68,6,4.04,,2.0,,,,,,,1.0,,,,2.6999999999999997,2.6666666666666665,93.0,101.0,2,0,6,5,0,0,0,0,0,0,2,3,0,0,0,0,0,0,0
106831,Juan,14,276,5,7,0,2.96,0.24,2.54,8,3.19,,,,4.0,,,,,,,,,4.133333333333334,1.58,42.0,97.0,7,1,7,4,0,1,0,0,0,0,0,1,0,0,0,0,0,0,0
102137,Vitor Eudes,14,266,1,6,0,2.0,0.0,0.0,0,2.54,,,,,,,,,,,,,,,0.0,0.0,0,0,0,0,0,0,0,0,0,0,0,0,0,0,0,0,0,0,0
113157,Nathan Mendes,14,276,2,6,0,4.43,0.7,5.07,3,5.54,,2.0,,,,,,,,,,,5.0,5.1,52.0,97.0,4,0,4,2,0,0,0,0,0,0,1,0,0,0,0,0,0,0,0
106829,Patryck,14,276,2,6,0,5.24,0.39,6.98,4,5.73,,4.0,,,,,,,,,,,6.800000000000001,7.15,85.0,97.0,5,0,6,2,0,0,0,0,0,0,2,1,0,0,0,0,0,0,0
111771,Arthur Sales,14,265,5,6,0,2.99,0.0,2.2,9,2.0,,,,1.0,,,,,,,,,2.9200000000000004,1.3,42.0,36.0,8,1,4,3,0,2,0,0,0,0,0,2,0,0,0,0,0,0,0
103645,Marcos Paulo,14,276,5,6,0,7.63,-0.54,3.3,14,-0.69,,,1.0,2.0,,,,,,,,,4.0,2.6142857142857143,38.0,65.0,12,2,15,7,0,2,0,0,0,0,2,4,0,0,0,0,0,0,0
115227,Caio,14,276,5,6,0,3.0,0.0,0.0,0,3.96,,,,,,,,,,,,,,,0.0,0.0,0,0,0,0,0,0,0,0,0,0,0,0,0,0,0,0,0,0,0
81091,Jair,14,267,4,6,0,8.52,-1.41,4.42,12,0.25,,,,,,,1.0,,,,,,5.333333333333333,3.516666666666667,89.0,38.0,33,2,23,20,0,1,0,0,0,0,4,1,0,0,0,0,0,0,0
91706,Marlon,14,283,2,7,0,17.23,0.0,9.41,13,5.84,,5.0,1.0,1.0,,,,,,,,,6.828571428571429,12.416666666666664,103.0,107.0,10,2,60,12,0,3,0,0,0,0,3,3,0,0,0,0,0,0,0
85626,Léo,14,267,3,6,0,3.31,1.21,1.15,14,4.0,1.0,1.0,,,,,,,,,,,2.3285714285714287,-0.042857142857142864,101.0,103.0,8,0,8,12,0,0,0,0,0,0,2,0,0,0,0,0,0,0,0
88368,Gabriel Dias,14,267,2,5,0,3.0,0.0,0.0,0,3.96,,,,,,,,,,,,,,,0.0,0.0,0,0,0,0,0,0,0,0,0,0,0,0,0,0,0,0,0,0,0
93716,Paulo Henrique,14,267,2,6,0,3.49,0.0,2.37,3,4.75,,1.0,,,,,,,,,,,2.5,2.1,40.0,6.0,0,0,2,1,0,0,0,0,0,0,0,0,0,0,0,0,0,0,0
87008,Léo Jardim,14,267,1,6,0,9.52,0.2,2.54,14,2.12,,1.0,,,54.0,23.0,,,,,,,2.0,3.0714285714285716,101.0,103.0,1,0,0,0,0,0,0,0,0,0,1,0,0,0,0,0,0,0,0
60793,Alex Teixeira,14,267,4,6,0,6.0,-0.55,2.7,14,-0.3,,,3.0,8.0,,,,,,,,,3.257142857142857,2.1571428571428575,70.0,19.0,19,0,6,20,0,5,0,0,0,0,1,10,0,0,0,0,0,0,0
99213,Puma Rodríguez,14,267,2,6,0,7.19,-0.11,4.07,13,2.0,,1.0,,2.0,,,,,,,,,4.142857142857143,4.0,99.0,103.0,9,0,28,11,0,6,0,0,0,0,1,9,0,0,0,0,0,0,0
88136,Ivan,14,267,1,6,0,5.0,0.0,0.0,0,6.8,,,,,,,,,,,,,,,0.0,0.0,0,0,0,0,0,0,0,0,0,0,0,0,0,0,0,0,0,0,0
101720,Miranda,14,267,3,6,0,2.79,0.0,2.9,3,2.3,,,,,,,,,,,,,3.95,0.8,69.0,83.0,2,0,6,1,0,0,0,0,0,0,0,1,0,0,0,0,0,0,0
101579,Robson Bambu,14,267,3,6,0,2.96,0.0,1.68,10,-0.24,,1.0,,2.0,,,,,,,,,2.35,1.2333333333333334,87.0,21.0,13,0,10,11,0,0,0,0,0,0,4,1,0,0,0,0,0,0,0
115025,Miguelito,14,277,4,6,0,1.57,0.0,1.25,2,1.79,,,,,,,,,,,,,,,23.0,37.0,1,0,1,0,0,0,0,0,0,0,0,1,0,0,0,0,0,0,0
105294,De Lucca,14,267,4,5,0,3.0,0.0,0.0,0,3.96,,,,,,,,,,,,,,,0.0,0.0,0,0,0,0,0,0,0,0,0,0,0,0,0,0,0,0,0,0,0
105566,Riquelme,14,267,2,6,0,3.0,0.0,0.0,0,3.96,,,,,,,,,,,,,,,0.0,0.0,0,0,0,0,0,0,0,0,0,0,0,0,0,0,0,0,0,0,0
